Date;;;;;;
20.07.2015;154.75;156.25;154.5;155.050003;115.550285;1157968
21.07.2015;155.600006;156;152.399994;152.5;113.649879;1280247
22.07.2015;151.75;154.449997;151.25;153.399994;114.320595;1109926
23.07.2015;154.550003;154.649994;152.75;153.800003;114.618721;910349
24.07.2015;153.300003;154.050003;152.75;152.75;113.836197;1562207
27.07.2015;152;152.350006;148.300003;148.300003;110.519867;2049986
28.07.2015;149.25;151.300003;148.800003;150.050003;111.824043;1260223
29.07.2015;151;151.300003;149.050003;150;111.786781;898600
30.07.2015;150.449997;150.850006;148.399994;150.399994;112.084877;1033871
31.07.2015;150.25;150.399994;146.5;149.100006;111.116058;1876396
03.08.2015;148.25;152;148.100006;151.850006;113.165482;1262306
04.08.2015;152.25;153.600006;150.949997;153;114.02253;1155327
05.08.2015;153.449997;154.949997;153.25;154.800003;115.36396;1135360
06.08.2015;154.300003;155.75;154.149994;155;115.513008;1086787
07.08.2015;154;154.350006;151.800003;153.25;114.208824;1220698
10.08.2015;154.75;157.75;154.300003;157.300003;117.227074;1594385
11.08.2015;157.050003;157.75;154;154.350006;115.028595;1511886
12.08.2015;153.100006;153.5;150.149994;150.300003;112.010368;1968815
13.08.2015;152.800003;154.300003;151.800003;152.550003;113.687164;1323256
14.08.2015;152.550003;154;151.449997;152.449997;113.61261;965710
17.08.2015;153.75;154.699997;150.449997;152.100006;113.351814;1205542
18.08.2015;151.899994;153.25;151.550003;152.550003;113.687164;947942
19.08.2015;151.25;151.800003;149.75;149.75;111.600464;1366681
20.08.2015;149;149.550003;144.300003;144.5;107.687935;2084035
21.08.2015;141.550003;144.399994;139.899994;139.899994;104.259811;2977312
24.08.2015;135.25;137.649994;131.050003;133.699997;99.639282;5519308
25.08.2015;136.050003;140.550003;134.899994;139.649994;104.073486;4127024
26.08.2015;137.600006;140.149994;135.899994;138.850006;103.477303;2400352
27.08.2015;142.550003;142.899994;141.399994;141.899994;105.750275;1974227
28.08.2015;141.800003;142.25;140.800003;141.899994;105.750275;1337445
31.08.2015;140.550003;142.25;140.25;142.25;106.011131;1161620
01.09.2015;140.25;140.850006;137.550003;138.899994;103.514549;1665767
02.09.2015;140.050003;141.350006;138.75;140.149994;104.446114;1615483
03.09.2015;142.149994;144.949997;141.5;144.350006;107.576157;1875675
04.09.2015;142.399994;142.5;139.600006;139.949997;104.297066;1822637
07.09.2015;140.800003;141.399994;139.800003;140.600006;104.781479;642938
08.09.2015;141.300003;143.5;140.899994;142.149994;105.9366;1398847
09.09.2015;145;145.600006;142.899994;142.899994;106.495537;1653664
10.09.2015;142.350006;143.649994;141.350006;142;105.824814;1283876
11.09.2015;142.600006;142.899994;140.100006;140.850006;104.967796;1100126
14.09.2015;140.550003;142.100006;140;140.600006;104.781479;1069943
15.09.2015;140.600006;142.350006;140;141.399994;105.377663;1251253
16.09.2015;142.600006;143.050003;141.550003;142.649994;106.309227;1139012
17.09.2015;142.850006;143.25;141.399994;141.75;105.638504;1469091
18.09.2015;141.399994;141.5;136.550003;137;102.098587;4602642
21.09.2015;136.649994;140;136.649994;139.149994;103.700867;1305466
22.09.2015;140.050003;140.100006;135.149994;135.699997;101.129768;2154333
23.09.2015;135.600006;137.850006;135.449997;136.75;101.912285;1531673
24.09.2015;136.5;137.5;134.199997;135.350006;100.868942;1915058
25.09.2015;137.600006;139.5;137.050003;138.350006;103.104683;1710958
28.09.2015;137.550003;138.800003;136.850006;137.100006;102.173126;1395228
29.09.2015;135.899994;138.399994;135.399994;137.300003;102.322159;1401098
30.09.2015;139.850006;141.350006;139.100006;140.25;104.520638;1537072
01.10.2015;142.199997;142.300003;137.75;138.300003;103.067421;1452836
02.10.2015;139.600006;141.149994;137.25;139.449997;103.924438;1638323
05.10.2015;141.399994;144.050003;140.899994;143.149994;106.681839;1593773
06.10.2015;143;144.75;142;144.199997;107.464348;1336992
07.10.2015;144.350006;145.649994;143.75;144.149994;107.427094;1291543
08.10.2015;143.949997;145.300003;143.800003;145.199997;108.209595;1155004
09.10.2015;146.550003;147.800003;145.949997;146.300003;109.029366;1291062
12.10.2015;146.699997;147.800003;145.899994;146.550003;109.215675;1121359
13.10.2015;147;147.399994;144.350006;145.5;108.433174;1361047
14.10.2015;144.600006;145.199997;143.350006;144.300003;107.538887;1174528
15.10.2015;145.699997;147.300003;145;146.050003;108.843063;1154525
16.10.2015;147;148.949997;146.399994;148.350006;110.557129;1814159
19.10.2015;147.75;149.850006;147.75;149;111.041519;909254
20.10.2015;149.600006;150;147.600006;148.800003;110.892487;885533
21.10.2015;149.600006;149.800003;148.550003;149.699997;111.56321;1256583
22.10.2015;149.5;153.649994;149.100006;153;114.02253;1598581
23.10.2015;154.399994;156.850006;153.949997;156.100006;116.332771;2038504
26.10.2015;155.899994;158.050003;155.899994;157.199997;117.152534;1302630
27.10.2015;157;158.100006;156.600006;156.600006;116.705391;1334461
28.10.2015;157.300003;158.600006;156.449997;158.100006;117.823265;974514
29.10.2015;158.899994;159.399994;156.850006;157.949997;117.711464;1493968
30.10.2015;158.300003;159.350006;157.600006;159.350006;118.754822;1386445
02.11.2015;158.300003;160.100006;158.149994;159.600006;118.941132;1233017
03.11.2015;160.25;160.5;159.649994;160.399994;119.537308;1295701
04.11.2015;161;161.5;158.25;158.699997;118.270409;1347310
05.11.2015;158.350006;160.600006;155.550003;159.050003;118.531242;1456933
06.11.2015;156.25;157.699997;154.199997;157.300003;117.227074;2496642
09.11.2015;157.699997;158.449997;156.5;156.649994;116.742661;1092797
10.11.2015;156.899994;158.25;155.5;157.949997;117.711464;1198795
11.11.2015;158.300003;160.75;158.050003;160.550003;119.649109;1351396
12.11.2015;160.199997;161.550003;158.149994;159.100006;118.568504;1224613
13.11.2015;158.399994;159;156.050003;157.600006;117.450653;1385429
16.11.2015;154.949997;158.5;154.199997;158.100006;117.823265;1229067
17.11.2015;159.300003;160.699997;158.449997;160.699997;119.760902;1380118
18.11.2015;159.75;160.850006;159.25;160.5;119.61187;975457
19.11.2015;161.199997;162;160.699997;161.25;120.170799;1248984
20.11.2015;161.800003;162.25;160.100006;161.699997;120.506157;1407108
23.11.2015;162;163.649994;161.550003;163.199997;121.624023;1348185
24.11.2015;164.5;164.550003;160.5;161.75;120.543411;1670078
25.11.2015;162.050003;168.100006;162;168;125.201187;2287099
26.11.2015;167.100006;168.899994;166.449997;167.600006;124.903114;1435379
27.11.2015;167.350006;168.850006;166.649994;167.300003;124.679535;1114495
30.11.2015;167;168.949997;166.649994;167.649994;124.940353;1449866
01.12.2015;169;169;167.050003;167.550003;124.865829;1528199
02.12.2015;168.449997;169.399994;167.399994;167.399994;124.754044;1065511
03.12.2015;167.600006;170;159.949997;162.550003;121.13961;3311706
04.12.2015;162.75;163.5;160.550003;162.350006;120.99057;1864247
07.12.2015;163.300003;166.800003;162.949997;165.050003;123.002724;1594841
08.12.2015;165.199997;166.199997;162.100006;162.899994;121.400429;1720365
09.12.2015;163.699997;164.050003;160.75;161.350006;120.245316;1286341
10.12.2015;161.699997;162.75;160.199997;161.949997;120.692467;1111314
11.12.2015;161.399994;161.949997;157.699997;158.350006;118.009575;1796076
14.12.2015;160.449997;161.550003;155.699997;155.699997;116.034683;2006043
15.12.2015;157.149994;160.350006;156.649994;159.199997;118.643036;1972291
16.12.2015;160.350006;162.25;159.75;160.149994;119.351013;1577949
17.12.2015;163;165.149994;162.5;163.149994;121.586739;1916987
18.12.2015;162;164.25;161.300003;161.949997;120.692467;4334841
21.12.2015;162;164.600006;160.699997;160.699997;119.760902;1212275
22.12.2015;162;162.050003;158.649994;160.300003;119.462799;1118525
23.12.2015;162.25;163.25;161.350006;163;121.474968;1111892
25.12.2015;163;163;163;163;121.474968;0
28.12.2015;163.449997;163.449997;161.25;161.5;120.357094;580208
29.12.2015;162.899994;165;162.600006;165;122.965439;969487
30.12.2015;165;165.300003;163.550003;163.550003;121.884857;657147
04.01.2016;160.149994;160.149994;155.5;156;116.258247;2742295
05.01.2016;158;158.399994;154.300003;156.5;116.630875;1521606
06.01.2016;157.149994;158.149994;155.949997;157;117.003494;1686090
07.01.2016;153.149994;154.949997;151.550003;153.75;114.581436;2454430
08.01.2016;154.449997;156;151.800003;151.800003;113.128227;1847223
11.01.2016;151;154.75;150.800003;152.399994;113.575371;1622793
12.01.2016;152.5;155.75;151.699997;154.300003;114.991325;1619622
13.01.2016;155.899994;157.5;154.25;154.550003;115.177643;1458774
14.01.2016;153.149994;153.649994;150.050003;151.899994;113.202744;2137384
15.01.2016;151.149994;152.550003;147.399994;149.25;111.227837;2906907
18.01.2016;148.25;150.300003;147.25;148.100006;110.370819;1369482
19.01.2016;150.899994;151.199997;149.050003;149.699997;111.56321;1517247
20.01.2016;145.850006;146.399994;143.100006;144.600006;107.762459;2766207
21.01.2016;144.600006;147.800003;143.25;145.050003;108.097809;2641568
22.01.2016;147.449997;149.300003;146.550003;148.149994;110.408066;2135722
25.01.2016;149.100006;149.100006;147;147.699997;110.072716;1284426
26.01.2016;145.199997;147.800003;144.699997;147.100006;109.625572;1480892
27.01.2016;147.600006;147.699997;145.850006;147.5;109.92366;1214482
28.01.2016;147;147.949997;143.350006;144.649994;107.799713;2010893
29.01.2016;146.449997;149.050003;145.899994;148.649994;110.780693;2400173
01.02.2016;148.899994;149.149994;146;147.5;109.92366;1405613
02.02.2016;146.949997;147.199997;142.899994;143.899994;107.240776;1942134
03.02.2016;143.800003;144.050003;139.550003;140.75;104.893257;2277962
04.02.2016;142.899994;143.449997;139.550003;140.600006;104.781479;2120881
05.02.2016;140.800003;141;137.449997;138.050003;102.881104;1955428
08.02.2016;138;139;134.350006;135.100006;100.682625;2448345
09.02.2016;134.5;136.199997;130.5;131.350006;97.887962;3355376
10.02.2016;132.649994;135.649994;131.300003;133.600006;99.564758;2287752
11.02.2016;131.600006;131.600006;126.550003;126.550003;94.310791;3090782
12.02.2016;127.900002;129;127.199997;129;96.136642;1888994
15.02.2016;132;133.199997;131.350006;131.449997;97.962479;1687593
16.02.2016;132.5;132.850006;129.399994;130.449997;97.217232;1429608
17.02.2016;130.850006;134.949997;130.050003;134.600006;100.310013;1844234
18.02.2016;136.350006;137.149994;134.949997;135.75;101.167038;1794597
19.02.2016;132;134.5;130.25;134.050003;99.900131;2911531
22.02.2016;136.300003;136.850006;135.550003;136.25;101.539658;1561844
23.02.2016;135.199997;136.25;134.550003;135;100.608101;1585239
24.02.2016;134.699997;135;132.399994;132.850006;99.005821;1742532
25.02.2016;134.550003;136.550003;134.149994;135.050003;100.645363;1545117
26.02.2016;136.649994;138.699997;136.25;137.850006;102.732056;1836945
29.02.2016;137;137.25;134.899994;137.25;102.284912;1729315
01.03.2016;137.149994;139.899994;136.25;139.75;104.148018;1759714
02.03.2016;141.149994;142.550003;140.800003;142.25;106.011131;2088069
03.03.2016;142.449997;142.550003;140.199997;141.5;105.452202;1287363
04.03.2016;141.800003;142.449997;140.199997;141.149994;105.19136;1584229
07.03.2016;140.75;141.75;140.149994;141.100006;105.154099;1082436
08.03.2016;140.25;141.25;138.699997;140.800003;104.930519;1383574
09.03.2016;141.449997;144;141.149994;141.800003;105.675781;1205373
10.03.2016;142;146.300003;138.449997;138.600006;103.291;3047399
11.03.2016;141.300003;144.800003;140.800003;144.649994;107.799713;2318597
14.03.2016;146.399994;147.699997;145.300003;146.25;108.992104;1469378
15.03.2016;145.75;146.25;144.699997;146.100006;108.880325;1058872
16.03.2016;146;147.050003;145.600006;146.550003;109.215675;1239043
17.03.2016;147.5;147.699997;143.399994;145.75;108.619492;1673526
18.03.2016;145.899994;146.100006;144.149994;144.949997;108.023285;3832779
21.03.2016;144.699997;147.25;143.550003;145.100006;108.135086;1171061
22.03.2016;143.850006;145.350006;142.050003;145.350006;108.321388;1243175
23.03.2016;146.5;146.850006;144.550003;145.5;108.433174;1130618
24.03.2016;144.449997;145.050003;142.600006;142.600006;106.271965;1362458
29.03.2016;143;144.5;142.649994;143.100006;106.644585;961400
30.03.2016;143.75;145.449997;143.75;144.550003;107.725189;1302784
31.03.2016;144;144.300003;142.449997;142.949997;106.532799;1250594
01.04.2016;141.449997;141.449997;138.25;140.199997;104.483383;1929031
04.04.2016;140;141.800003;138.949997;139.649994;104.073486;1115261
05.04.2016;138;138.449997;135.850006;135.899994;101.278809;1840331
06.04.2016;136.399994;137.649994;135.550003;137.649994;102.583;1457881
07.04.2016;138.449997;138.800003;135.5;136.100006;101.427879;1341528
08.04.2016;136.199997;139.300003;136.199997;138.899994;103.514549;1537701
11.04.2016;139;140.850006;137.449997;139.649994;104.073486;1108205
12.04.2016;141;142.25;139.350006;142.100006;105.899353;1088103
13.04.2016;143.5;146.699997;142.899994;146.699997;109.327477;2116085
14.04.2016;146.850006;147.649994;146.399994;147.350006;109.81189;1519020
15.04.2016;147.550003;147.600006;146.649994;147.550003;109.96093;1549821
18.04.2016;146;148.550003;145.350006;148.25;110.482605;1280530
19.04.2016;148.899994;151.949997;148.75;151.350006;112.792862;1754244
20.04.2016;151.350006;155.600006;151;155.300003;115.736588;1941063
21.04.2016;156;156.199997;153.850006;155.300003;115.736588;1513713
22.04.2016;155.449997;155.850006;154.5;155.199997;115.662056;1190339
25.04.2016;155.350006;156.300003;153.550003;154.25;114.954086;1162053
26.04.2016;154.699997;155.600006;152.350006;152.899994;113.94799;1186800
27.04.2016;153.5;153.75;150.149994;151.699997;113.05368;1810934
28.04.2016;151.100006;152.149994;149.199997;152.149994;113.389038;1481991
29.04.2016;150.449997;151;147.850006;148.25;110.482605;1985735
02.05.2016;149.75;153.949997;149.550003;152.600006;113.724419;2303292
03.05.2016;152.300003;152.75;150.300003;151.399994;112.830116;2402620
04.05.2016;150.600006;152.199997;148.600006;149.800003;111.637733;2754633
05.05.2016;144;144.100006;139.300003;139.949997;109.639999;2042162
06.05.2016;139.600006;139.850006;137;139.350006;115.177803;2272580
09.05.2016;140.300003;141.949997;139.100006;140.899994;116.458916;1194239
10.05.2016;142.050003;143.199997;140.850006;141.699997;117.120148;1191883
11.05.2016;141.25;141.850006;138.199997;138.850006;114.764526;1595121
12.05.2016;138.050003;140.149994;136.699997;136.75;113.028793;1992492
13.05.2016;135.399994;138.800003;134.300003;137.899994;113.979309;1738225
17.05.2016;138.550003;139.649994;136.399994;137.050003;113.276764;1333475
18.05.2016;136.550003;137.699997;135.649994;137.649994;113.772682;1523665
19.05.2016;137.949997;138.399994;136.25;136.25;112.61554;1226707
20.05.2016;137.100006;138.300003;137.100006;137.75;113.855331;1546905
23.05.2016;138.350006;139.449997;136.699997;137.699997;113.814003;1100893
24.05.2016;136.949997;142.300003;136.600006;141.899994;117.285454;1591602
25.05.2016;143;146.300003;142.649994;145.199997;120.013031;1738512
26.05.2016;144.699997;146.850006;144.300003;146.699997;121.252831;1294191
27.05.2016;146.399994;147.050003;145.699997;146.75;121.294159;1074944
30.05.2016;146.899994;147.399994;146.100006;147;121.500801;644643
31.05.2016;147.5;147.949997;145.949997;146.699997;121.252831;1310109
01.06.2016;145.800003;146.75;144.449997;145.699997;120.426308;1194649
02.06.2016;145.600006;145.949997;143.75;145;119.847725;878858
03.06.2016;145.25;145.600006;141.5;142.649994;117.905365;1343756
06.06.2016;142.800003;143.399994;142.199997;142.550003;117.822708;718109
07.06.2016;143;144.75;142.699997;143.699997;118.773216;919722
08.06.2016;142.899994;142.949997;141.899994;142.949997;118.153328;850865
09.06.2016;142.100006;142.25;139.649994;139.850006;115.591072;1179206
10.06.2016;138.899994;138.949997;134.399994;134.75;111.375725;2137455
13.06.2016;132.050003;133.149994;130.850006;130.850006;108.152245;2089418
14.06.2016;129.649994;130.699997;128.199997;128.550003;106.251205;2135671
15.06.2016;129.699997;130.350006;128.800003;129.350006;106.91243;1633261
16.06.2016;127.849998;129.600006;127.349998;129.350006;106.91243;1742808
17.06.2016;130.5;131.949997;129.600006;130.350006;107.738976;3079638
20.06.2016;133.699997;136.399994;133.550003;135.550003;112.036964;1627695
21.06.2016;135.850006;137.100006;135;136.449997;112.780838;1185403
22.06.2016;137.850006;139.649994;137.550003;138.199997;114.22728;1243242
23.06.2016;139.5;141.949997;138.25;141.5;116.954849;1805676
24.06.2016;124.5;131.050003;121.400002;126.800003;104.804771;8172546
27.06.2016;126.800003;127.550003;119.050003;120.150002;99.308304;4736167
28.06.2016;124;126.400002;123.099998;124;102.490463;3174271
29.06.2016;125.5;127.449997;125.300003;127;104.970078;2047716
30.06.2016;126.650002;128.149994;125.300003;127.800003;105.63131;1850518
01.07.2016;128.5;129.050003;125.699997;127.300003;105.21804;2075134
04.07.2016;127.400002;127.400002;125.550003;126.150002;104.267525;1127929
05.07.2016;124.900002;125.349998;121.550003;122;100.837395;2654383
06.07.2016;121;122;118.349998;119.199997;98.523102;2589863
07.07.2016;120.050003;122.099998;119.25;119.800003;99.01902;1902004
08.07.2016;119.400002;123.449997;119;122.449997;101.209335;1627318
11.07.2016;124.199997;125.199997;122.75;125.199997;103.482307;1437213
12.07.2016;124.800003;127.849998;124.25;126.949997;104.928741;1770593
13.07.2016;127.150002;127.650002;126.300003;126.800003;104.804771;1231499
14.07.2016;128;130;127.050003;129.050003;106.664474;1539408
15.07.2016;128.75;129.5;126.75;128;105.796608;1596025
18.07.2016;128.300003;129.350006;127;127.25;105.176704;1307629
19.07.2016;127.099998;127.599998;125.349998;125.599998;103.81292;1385061
20.07.2016;126;127.050003;125;126.650002;104.680786;1169708
21.07.2016;126.550003;126.900002;124.699997;125.400002;103.647621;1596117
22.07.2016;125.300003;126.25;124.900002;125.849998;104.019562;1000245
25.07.2016;126.150002;127.400002;125.349998;126;104.143539;1173005
26.07.2016;125.699997;126.849998;125;126.650002;104.680786;1048726
27.07.2016;127.75;129.600006;127.199997;129.100006;106.705803;1410651
28.07.2016;128.600006;129.649994;127.349998;127.449997;105.342018;1534097
29.07.2016;128.550003;129.649994;127.75;128.300003;106.044571;1416723
01.08.2016;129.449997;129.949997;127.150002;128.100006;105.879272;972966
02.08.2016;128;128.300003;125.699997;126.699997;104.722107;1281559
03.08.2016;126.800003;127.5;125.849998;127.349998;105.259361;1122367
04.08.2016;128;129.449997;128;128.199997;105.961906;1023075
05.08.2016;124.900002;126.449997;122.650002;126.449997;104.515472;3504658
08.08.2016;127.199997;131.75;127;130.25;107.656311;2149933
09.08.2016;130;134.300003;129.899994;133.800003;110.590515;1632852
10.08.2016;133.949997;136.449997;133.850006;135.899994;112.326241;1929747
11.08.2016;136.550003;136.800003;134.600006;135.600006;112.078285;1291090
12.08.2016;135.300003;135.350006;133.699997;134.550003;111.210426;975929
15.08.2016;134.949997;135.850006;134.649994;134.800003;111.417061;652495
16.08.2016;133.800003;134.199997;131.699997;132.800003;109.763992;1362950
17.08.2016;133.300003;134.100006;131.25;131.449997;108.648155;1118482
18.08.2016;132.699997;132.800003;130.850006;131.899994;109.020096;789413
19.08.2016;132.199997;132.449997;129.100006;129.100006;106.705803;1935789
22.08.2016;129.300003;131.5;128.5;129.25;106.829781;1311003
23.08.2016;130;132.050003;129.399994;130.899994;108.193558;880650
24.08.2016;130.25;131.050003;129.300003;130.449997;107.821625;1271237
25.08.2016;130;130.050003;128.399994;129.399994;106.953758;1075246
26.08.2016;129.75;130.25;128.699997;129.600006;107.119072;913449
29.08.2016;128.899994;130.350006;128.350006;129.199997;106.788452;526841
30.08.2016;129.75;133.100006;129.5;132.5;109.516029;1384619
31.08.2016;132.050003;135.100006;132.050003;133.550003;110.383888;1715788
01.09.2016;133.75;136.149994;133.149994;133.850006;110.631851;1370001
02.09.2016;134.850006;136;133.199997;135.699997;112.160942;1195753
05.09.2016;136.550003;136.899994;135.300003;135.5;111.995636;967306
06.09.2016;135.550003;135.899994;134.199997;134.699997;111.334389;853234
07.09.2016;135.149994;135.850006;134.100006;135.050003;111.623688;747017
08.09.2016;135.300003;135.949997;133.100006;135.649994;112.119598;1105662
09.09.2016;135.399994;137.350006;135.25;136.550003;112.863495;1844361
12.09.2016;134.800003;135.949997;133.350006;134.899994;111.499718;1599014
13.09.2016;135.350006;135.600006;132.449997;132.449997;109.474693;1214113
14.09.2016;133;133.25;131;131.25;108.482857;1280546
15.09.2016;131.399994;133.050003;130.649994;132.550003;109.55735;1347134
16.09.2016;132.550003;132.850006;129.600006;130;107.449684;4371530
19.09.2016;131;131.600006;130.550003;131.100006;108.358871;960093
20.09.2016;131.350006;133.050003;130.649994;132.399994;109.433365;1294249
21.09.2016;133.800003;136.149994;133.75;134;110.755821;1335143
22.09.2016;135.25;137.25;134.600006;136.600006;112.904823;1544034
23.09.2016;136.100006;136.699997;135.649994;136.600006;112.904823;1108767
26.09.2016;136;136.100006;132.199997;132.300003;109.350723;1700018
27.09.2016;133.199997;133.25;128.600006;130.199997;107.61499;1861077
28.09.2016;130.25;133.050003;130.25;131.600006;108.772148;1219627
29.09.2016;132.899994;133.699997;130.600006;131.300003;108.524178;1330863
30.09.2016;129.25;132.649994;126.599998;132.100006;109.18541;2442473
04.10.2016;132.449997;133.399994;131.800003;132.949997;109.887962;1516852
05.10.2016;132.050003;135.649994;131.100006;134.550003;111.210426;1652798
06.10.2016;135.399994;136.75;134.699997;135.600006;112.078285;1834664
07.10.2016;135.5;137;134.25;135.800003;112.243607;1605138
10.10.2016;136.100006;137.649994;134.75;137.25;113.44207;1235971
11.10.2016;137;138.25;136.399994;137.100006;113.318092;1511309
12.10.2016;137.100006;139.149994;136.199997;138.75;114.681877;1728212
13.10.2016;137.550003;137.949997;134.600006;135.550003;112.036964;1833275
14.10.2016;136.100006;139.100006;135.649994;138.100006;114.144638;1388487
17.10.2016;137.5;139.699997;137.5;138.100006;114.144638;1396591
18.10.2016;139.300003;140;138.75;139.149994;115.012482;1548147
19.10.2016;139.399994;139.850006;138.050003;139.25;115.095146;1232739
20.10.2016;139.5;140.699997;138.800003;139.649994;115.425751;1611702
21.10.2016;140.25;140.5;139.300003;140;115.715034;1396930
24.10.2016;140.5;143.100006;140.199997;142.050003;117.409439;1575410
25.10.2016;142.600006;143.699997;142.149994;143;118.194641;1214654
26.10.2016;142.5;143.149994;140.699997;142.600006;117.864044;1389757
27.10.2016;142.550003;143.100006;141.449997;142.949997;118.153328;1225737
28.10.2016;141.899994;142.300003;140.649994;141.899994;117.285454;1351057
31.10.2016;141.350006;142.600006;140.949997;142;117.368118;1390696
01.11.2016;142.649994;143;140.600006;141.050003;116.582916;1272163
02.11.2016;139.899994;139.899994;137.149994;137.5;113.648705;1584863
03.11.2016;136.899994;140.199997;136.600006;138.149994;114.185944;1197281
04.11.2016;137.899994;137.949997;135.899994;136.449997;112.780838;1366689
07.11.2016;138.949997;140.75;138.800003;140.5;116.128319;1493460
08.11.2016;140.5;141.25;139.699997;141.199997;116.706886;1078218
09.11.2016;136.5;145.5;135.449997;145.5;120.260986;4150881
10.11.2016;146.199997;151.25;146.199997;148.75;122.947227;4140218
11.11.2016;153;155.399994;150.25;150.800003;124.641617;3718233
14.11.2016;152.399994;153.5;151.5;152.300003;125.881439;1957283
15.11.2016;152.600006;153.75;150.75;152.800003;126.294716;1620659
16.11.2016;153.899994;154.399994;150.949997;152.050003;125.674812;1573514
17.11.2016;151.899994;152.850006;150.600006;152.100006;125.716133;1389578
18.11.2016;152.800003;153.399994;149.649994;150.75;124.600311;1737037
21.11.2016;151.399994;151.949997;149.5;150.25;124.187042;1263616
22.11.2016;151.100006;153.399994;150.449997;152.399994;125.964081;1242161
23.11.2016;152.399994;152.5;149.699997;150.850006;124.682961;1173518
24.11.2016;151.199997;151.800003;150.550003;150.800003;124.641617;626577
25.11.2016;151.199997;151.25;150.100006;150.699997;124.558983;603870
28.11.2016;150;150.399994;148.199997;148.550003;122.781929;1082752
29.11.2016;148.649994;150.850006;147.399994;150.399994;124.311005;1183134
30.11.2016;149.800003;151;149.25;149.800003;123.815094;1189439
01.12.2016;149.449997;150.649994;148.399994;148.800003;122.988564;1584321
02.12.2016;147.850006;148.699997;146.899994;148.300003;122.575302;1274389
05.12.2016;148.100006;152.300003;147.699997;151.199997;124.97226;1734606
06.12.2016;152.5;154.449997;151.649994;153.800003;127.121239;1921281
07.12.2016;155;156.600006;154.449997;156.050003;128.980957;2358018
08.12.2016;156.600006;158.850006;153.350006;158.449997;130.964615;2810953
09.12.2016;157.800003;158.100006;156.649994;157.25;129.972794;1562348
12.12.2016;156.600006;157.25;154.449997;155.050003;128.154419;1544977
13.12.2016;155.449997;156.600006;154.699997;156.449997;129.311554;1585012
14.12.2016;156;156.149994;154.75;155.050003;128.154419;1356277
15.12.2016;155;157.350006;154.800003;156.75;129.559525;2170308
16.12.2016;156.899994;158.199997;155.800003;156.649994;129.476868;3421942
19.12.2016;156.300003;156.800003;155.199997;156.300003;129.187576;1122270
20.12.2016;156.149994;158.100006;155.649994;157.75;130.386047;1156221
21.12.2016;157.300003;158.100006;157;157.699997;130.344727;981535
22.12.2016;157;158;156.800003;157.300003;130.014114;841117
23.12.2016;157;157.699997;156.5;156.949997;129.724838;621865
27.12.2016;156.699997;157;156.149994;156.850006;129.642197;397154
28.12.2016;156.75;157.149994;155.300003;156.399994;129.270233;807792
29.12.2016;155.25;156.199997;155.25;155.899994;128.856964;663670
30.12.2016;155.899994;157;155.199997;157;129.766159;790505
02.01.2017;156.300003;157.5;155.5;157.300003;130.014114;855478
03.01.2017;158;160.100006;157.550003;159.550003;131.873825;1623857
04.01.2017;160;160.949997;159.550003;160.399994;132.57637;1221389
05.01.2017;161;162;159.600006;160.699997;132.824341;1469189
06.01.2017;160.149994;161.5;159.550003;161.100006;133.154968;965147
09.01.2017;161.600006;161.649994;159.199997;160.300003;132.493729;963965
10.01.2017;160;160.550003;158.449997;160.050003;132.287079;1079462
11.01.2017;160.25;160.850006;158.649994;160.199997;132.411072;1069138
12.01.2017;159.949997;160.399994;158.75;159.199997;131.584518;1262387
13.01.2017;159.550003;161;159.350006;160.800003;132.906998;1038182
16.01.2017;159.75;160.149994;158.399994;159.75;132.039139;936286
17.01.2017;159.449997;160.399994;157.550003;159.399994;131.749832;1427607
18.01.2017;160.199997;160.399994;158.550003;159.75;132.039139;1125000
19.01.2017;159.949997;160.600006;159.050003;159.550003;131.873825;1214829
20.01.2017;159.350006;159.800003;158.75;159.25;131.62587;1760228
23.01.2017;158;158.800003;156.550003;157.449997;130.138092;1529234
24.01.2017;157;157.600006;154.699997;157.300003;130.014114;2109825
25.01.2017;158.550003;162.699997;157.949997;162.5;134.312103;2458748
26.01.2017;162.949997;163.850006;162.550003;163;134.725372;1539238
27.01.2017;162.550003;162.699997;161.050003;162;133.898849;1193485
30.01.2017;161;161.25;158.350006;159.25;131.62587;1342261
31.01.2017;158.949997;160.25;156.800003;156.800003;129.600845;1710878
01.02.2017;157.25;158.949997;156.100006;157.899994;130.510025;1291977
02.02.2017;157.649994;158.5;156.699997;157.149994;129.890121;951510
03.02.2017;157.899994;159.5;156.949997;158.300003;130.840652;1034327
06.02.2017;158.199997;158.899994;155.899994;156.350006;129.228912;1675926
07.02.2017;156.100006;157.600006;154.699997;156.25;129.146271;1181084
08.02.2017;156.899994;157.550003;154.25;155.25;128.319717;1293333
09.02.2017;155.800003;157.199997;154.800003;156.600006;129.435547;1394096
10.02.2017;157.699997;157.75;156.050003;156.850006;129.642197;1029765
13.02.2017;157.5;159.449997;157.149994;158.5;131.005951;1061521
14.02.2017;158.850006;159.149994;157.600006;159.149994;131.543213;926973
15.02.2017;159.5;160.100006;158.300003;158.75;131.212601;1123805
16.02.2017;158.5;158.649994;157;158.350006;130.881989;1421054
17.02.2017;163.399994;163.800003;160.649994;162.800003;134.560059;3374519
20.02.2017;164.399994;164.75;163.600006;164.050003;135.593246;1544490
21.02.2017;164.350006;166.399994;163.149994;165.449997;136.750381;1814879
22.02.2017;166;167.949997;165.699997;166.449997;137.57692;1922537
23.02.2017;165.5;166.100006;164.649994;165.649994;136.915695;1474615
24.02.2017;165.5;166.25;162.600006;163.75;135.345276;1832887
27.02.2017;164.199997;164.350006;163.199997;163.449997;135.097305;1050300
28.02.2017;164.550003;164.550003;163.300003;164.199997;135.717224;1436575
01.03.2017;165.5;167.699997;165.5;167.649994;138.568771;1680378
02.03.2017;167.699997;167.949997;166.649994;167.350006;138.320801;1156221
03.03.2017;166.350006;168;166.100006;167.449997;138.403458;1246267
06.03.2017;166.800003;168.5;166.550003;167.300003;138.27948;1204346
07.03.2017;167.5;168.449997;167;168.350006;139.147339;1172721
08.03.2017;167.5;169.25;167.300003;168.350006;139.147339;1431446
09.03.2017;168;170.800003;167.800003;170;140.511124;1599153
10.03.2017;171.050003;172.350006;168.550003;169.149994;139.808563;1735582
13.03.2017;169.100006;170.25;168.75;169.850006;140.387161;1079905
14.03.2017;169.800003;170.100006;168.5;169.149994;139.808563;1404939
15.03.2017;168.949997;170;168.850006;169.5;140.097855;1201693
16.03.2017;171.5;171.850006;169.949997;170.75;141.131027;1584450
17.03.2017;170.399994;172;170.25;170.399994;140.841721;3100677
20.03.2017;169.399994;170.699997;169.399994;170.100006;140.593781;863505
21.03.2017;170.899994;171.850006;169.449997;170.25;140.717758;1286073
22.03.2017;169;169.949997;168.5;168.899994;139.601929;1394193
23.03.2017;169.350006;171.899994;169;171.300003;141.585632;1486121
24.03.2017;170.350006;170.75;168.649994;169.550003;140.139191;1691779
27.03.2017;168.399994;169.899994;167.149994;169.600006;140.180511;1325611
28.03.2017;170;171.75;169.899994;171.550003;141.792252;1075442
29.03.2017;172;173.350006;171.800003;172.25;142.370834;1212251
30.03.2017;172.300003;173.149994;172.300003;172.75;142.784103;1041173
31.03.2017;172.449997;173.649994;172.050003;173.649994;143.527969;1746486
03.04.2017;174.449997;174.600006;172;172;142.1642;1563400
04.04.2017;173;173.75;172.199997;173.25;143.197372;1338235
05.04.2017;173.25;173.449997;172.050003;172.100006;142.246857;1304770
06.04.2017;171.850006;173.899994;170.850006;173.149994;143.1147;1473407
07.04.2017;172.149994;172.75;171.100006;172.550003;142.61879;1250073
10.04.2017;172.800003;173.350006;171.949997;171.949997;142.122849;812197
11.04.2017;171.199997;172.100006;169.649994;170.649994;141.048355;1605446
12.04.2017;171.899994;173.25;170.449997;171.399994;141.668274;1209708
13.04.2017;171.449997;171.649994;170.25;170.75;141.131027;1062212
18.04.2017;171.399994;171.949997;168.800003;169.199997;139.849884;1391254
19.04.2017;169.300003;169.649994;168.649994;168.949997;139.64325;1115268
20.04.2017;168.449997;169.850006;167;168.899994;139.601929;1220130
21.04.2017;168.850006;171.149994;168.649994;170.25;140.717758;2105095
24.04.2017;174;175.75;173.800003;175.149994;144.767792;2726024
25.04.2017;175.550003;176;174.899994;175.5;145.057083;1399313
26.04.2017;175.5;175.75;174.550003;175.5;145.057083;1077907
27.04.2017;175.350006;175.5;174.100006;174.5;144.23053;1149415
28.04.2017;174.699997;175.199997;173.75;174.800003;144.4785;1363122
02.05.2017;176;176.399994;175.100006;176.100006;145.552994;1605813
03.05.2017;176.800003;177.800003;176.350006;176.350006;145.759628;2725755
04.05.2017;169.600006;173.850006;169;173.850006;150.16481;2081945
05.05.2017;173.199997;174.149994;172.149994;173.899994;150.207993;1661641
08.05.2017;174.550003;174.649994;172.600006;172.899994;149.344238;1405210
09.05.2017;173.149994;174.300003;173.100006;173.550003;149.90567;1235689
10.05.2017;173;174.5;172.449997;173.449997;149.81929;1139594
11.05.2017;173.5;173.800003;172.25;173.300003;149.689743;1270277
12.05.2017;172.800003;173.449997;172.25;172.800003;149.257874;1312764
15.05.2017;173.5;174.350006;173.050003;173.600006;149.948868;1042894
16.05.2017;173.149994;174.149994;172.550003;173;149.430618;899931
17.05.2017;172.050003;172.899994;169.399994;170.199997;147.012085;1484197
18.05.2017;170;170.699997;167.75;170.100006;146.925705;1824991
19.05.2017;170.850006;171;169.600006;169.800003;146.66658;1580610
22.05.2017;170.699997;171.449997;169.75;171.100006;147.789474;1230170
23.05.2017;170.399994;172.050003;170.350006;171.050003;147.746277;1020745
24.05.2017;171.100006;172.399994;170.899994;171.350006;148.005417;889495
25.05.2017;172.050003;172.399994;170.050003;171.199997;147.875839;777568
26.05.2017;170.649994;171.050003;169.350006;171.050003;147.746277;888223
29.05.2017;170.550003;172.100006;170.550003;171.600006;148.221359;632768
30.05.2017;171.050003;171.850006;170.449997;170.850006;147.573532;1007581
31.05.2017;170.850006;173.399994;170.800003;170.899994;147.616714;1698463
01.06.2017;171.449997;171.800003;170.949997;171.449997;148.091782;847191
02.06.2017;173;174.449997;172.600006;173.350006;149.732925;1340157
05.06.2017;173.350006;173.350006;173.350006;173.350006;149.732925;0
06.06.2017;172.75;173.5;170.699997;171.100006;147.789474;1470483
07.06.2017;171;172.25;170.350006;170.550003;147.314407;1036479
08.06.2017;171;172.850006;170.75;172.050003;148.610031;1041731
09.06.2017;171.949997;174.5;171.949997;173.850006;150.16481;1154287
12.06.2017;173.699997;174.300003;173.100006;173.600006;149.948868;1031009
13.06.2017;174;174.550003;173.25;173.25;149.646545;1267959
14.06.2017;174;175.600006;173.949997;173.949997;150.251175;1904903
15.06.2017;174.300003;174.649994;171.399994;173;149.430618;1907340
16.06.2017;173.699997;174.449997;172.800003;174.449997;150.683075;3400340
19.06.2017;175;176.649994;174.899994;176.199997;152.194641;1334345
20.06.2017;177;177.75;175.850006;175.850006;151.892334;1127481
21.06.2017;175.25;175.600006;173.75;175.050003;151.201324;1091554
22.06.2017;174.850006;174.949997;173.800003;174.899994;151.071747;972327
23.06.2017;174.5;174.800003;173.100006;173.899994;150.207993;973214
26.06.2017;174.5;175.949997;174.449997;174.550003;150.769455;968030
27.06.2017;174.600006;175.199997;173.550003;174.350006;150.59671;932858
28.06.2017;173.350006;174.699997;172.600006;174.350006;150.59671;1069731
29.06.2017;174.949997;176.100006;172.850006;173.100006;149.516998;1668309
30.06.2017;173.350006;174.550003;172.25;172.399994;148.912354;1506882
03.07.2017;172.600006;175.899994;172.550003;175.899994;151.935516;1429532
04.07.2017;174.75;177.300003;174.699997;176.649994;152.583328;1170238
05.07.2017;176.550003;177.550003;176.149994;176.699997;152.626526;1239877
06.07.2017;177.149994;177.5;176.300003;177.149994;153.015213;1524722
07.07.2017;177.449997;178.75;176.850006;178.75;154.397247;1429073
10.07.2017;179.600006;180.600006;179.350006;180;155.476944;1293752
11.07.2017;180.5;181.649994;179.800003;179.899994;155.390564;1240084
12.07.2017;180.5;182.699997;180.300003;182.5;157.636337;1545991
13.07.2017;183;184.350006;182.75;183.850006;158.802429;1453052
14.07.2017;183.600006;183.800003;181.850006;182.800003;157.895477;1088505
17.07.2017;183.300003;183.300003;181.5;181.949997;157.16127;721377
18.07.2017;181.149994;181.550003;178.399994;179.699997;155.217819;1415805
19.07.2017;180;180.25;179.050003;179.699997;155.217819;862746
20.07.2017;180;180.350006;177.649994;178.949997;154.569977;1260068
21.07.2017;178.5;179.350006;175.800003;176.850006;152.756104;2012004
24.07.2017;177.149994;177.5;174.75;176.5;152.453781;1258658
25.07.2017;176.699997;179.300003;176.699997;179.100006;154.699554;1241166
26.07.2017;179.449997;180.199997;178.100006;179.600006;155.131439;1005472
27.07.2017;182;183.449997;181.300003;182.050003;157.24765;1740576
28.07.2017;181.100006;181.100006;179.199997;180.649994;156.038376;1239979
31.07.2017;180.5;181.100006;179.600006;180;155.476944;1087447
01.08.2017;180.800003;183.399994;179.550003;182.75;157.85228;1166907
02.08.2017;183;184.350006;182.850006;183.600006;158.586487;1134031
03.08.2017;182.800003;183.699997;182.449997;183.5;158.500107;970542
04.08.2017;183.5;186.149994;182;185.800003;160.48674;1307993
07.08.2017;186.350006;187.300003;185.300003;185.300003;160.054886;999282
08.08.2017;185.399994;187.149994;184.75;187.100006;161.60965;980538
09.08.2017;185.699997;187;183.050003;184.25;159.147919;1466413
10.08.2017;184.25;184.699997;181.149994;181.300003;156.599823;1278637
11.08.2017;180;180.600006;177.550003;180.149994;155.606506;1540573
14.08.2017;181.550003;183.350006;181.300003;182.199997;157.377213;1073206
15.08.2017;183;183.899994;182.800003;183;158.068207;712853
16.08.2017;184.149994;184.75;183.600006;183.850006;158.802429;814718
17.08.2017;183.75;184;181.800003;182.600006;157.722717;811749
18.08.2017;181.050003;183.100006;180.649994;182.699997;157.809097;1112039
21.08.2017;181.600006;183;180.350006;181.300003;156.599823;745865
22.08.2017;182.5;183.5;182.149994;182.899994;157.981842;686315
23.08.2017;182.850006;183.399994;181.25;181.600006;156.858963;768083
24.08.2017;181.75;183.949997;181.75;182.75;157.85228;696776
25.08.2017;182.649994;183.699997;182.100006;182.199997;157.377213;646532
28.08.2017;181.100006;182.550003;181;181.350006;156.643021;604998
29.08.2017;180.399994;180.5;176.850006;178.050003;153.792618;1567522
30.08.2017;179.5;180.100006;178.399994;178.5;154.181305;764908
31.08.2017;179.75;180.800003;179.149994;179.75;155.261002;1085810
01.09.2017;180.300003;181.850006;179.800003;180.949997;156.297501;897905
04.09.2017;179.600006;181.449997;179.300003;180.550003;155.952011;661825
05.09.2017;180.75;181.399994;178.399994;178.850006;154.483612;1085789
06.09.2017;178.199997;180.149994;177.300003;179.449997;155.001862;1190042
07.09.2017;180.5;181.899994;179.399994;180.149994;155.606506;1206196
08.09.2017;180;181.149994;179.800003;180.149994;155.606506;949942
11.09.2017;182.100006;184.5;182.050003;183.949997;158.888794;1275503
12.09.2017;184.600006;184.850006;183.149994;183.399994;158.413727;1111873
13.09.2017;183.199997;185.149994;183.100006;184.149994;159.061539;976342
14.09.2017;184.100006;185.050003;183.550003;185;159.795746;1255254
15.09.2017;185.199997;185.350006;183.850006;184.949997;159.752548;3922199
18.09.2017;185.649994;186.350006;184.75;185.199997;159.968506;833074
19.09.2017;185.5;185.850006;184.850006;184.949997;159.752548;683560
20.09.2017;184.300003;184.899994;183.399994;184.149994;159.061539;722595
21.09.2017;184.800003;186.600006;184.600006;185.5;160.227631;811597
22.09.2017;185.050003;186.899994;185;186.699997;161.26413;941984
25.09.2017;186.300003;187.149994;185.550003;185.699997;160.400375;830611
26.09.2017;185.800003;186.149994;185;185.449997;160.184433;802286
27.09.2017;185.75;187.699997;185.5;186.649994;161.220932;991678
28.09.2017;187.399994;187.399994;186.199997;186.850006;161.393707;994227
29.09.2017;187;189.949997;186.850006;189.949997;164.07135;1692590
02.10.2017;190;191.25;189.350006;191.25;165.19426;973352
03.10.2017;191.25;191.25;191.25;191.25;165.19426;0
04.10.2017;192.300003;192.399994;190.850006;192.149994;165.971634;1174561
05.10.2017;191.699997;193.600006;191.699997;193.25;166.921768;962322
06.10.2017;193.899994;194.699997;193.449997;193.850006;167.440033;985499
09.10.2017;193.800003;194.100006;193.050003;193.949997;167.526398;705447
10.10.2017;193.899994;194.300003;192.699997;193.5;167.137711;803314
11.10.2017;193.949997;194.350006;193.100006;194.350006;167.871918;886811
12.10.2017;194.850006;195.949997;194.199997;195.550003;168.908401;884520
13.10.2017;196;196.600006;195;195.550003;168.908401;882004
16.10.2017;196.050003;196.649994;195.699997;195.899994;169.210739;611723
17.10.2017;196;196.100006;195.149994;195.300003;168.69249;750613
18.10.2017;195.300003;196.75;195.100006;195.949997;169.253922;754611
19.10.2017;196.100006;197.149994;194.75;195.949997;169.253922;973129
20.10.2017;196;197.300003;195.949997;197;170.160858;1161129
23.10.2017;197.199997;197.550003;196.199997;196.199997;169.469864;834627
24.10.2017;195.899994;197.899994;195.600006;197;170.160858;975460
25.10.2017;197;197.699997;196.100006;196.449997;169.685806;1009363
26.10.2017;196.800003;200.399994;196.5;200.350006;173.054474;1361169
27.10.2017;201;202.100006;199.100006;199.550003;172.36348;1472548
30.10.2017;199.75;200.600006;199.050003;199.350006;172.190704;865626
31.10.2017;199.350006;199.350006;199.350006;199.350006;172.190704;0
01.11.2017;200.850006;203.649994;200.550003;203.25;175.559387;1348143
02.11.2017;203.050003;204.399994;202.5;203.899994;176.120804;935409
03.11.2017;204.300003;204.5;201.949997;202.850006;175.213867;1167871
06.11.2017;202.100006;202.850006;201.25;201.850006;174.350113;800456
07.11.2017;202.800003;203.949997;201.550003;201.550003;174.090988;1081888
08.11.2017;201.449997;201.899994;200.050003;201.899994;174.393295;975450
09.11.2017;202;203;199.25;200.300003;173.011292;1356657
10.11.2017;202;203.550003;199.050003;199.850006;172.622589;1624554
13.11.2017;199.850006;200.199997;196.850006;198.399994;171.370132;1278708
14.11.2017;199;199.449997;197.449997;198.300003;171.283752;1162888
15.11.2017;197.300003;197.75;194.600006;197.199997;170.333618;1357507
16.11.2017;197.949997;198.399994;196.699997;196.899994;170.074478;1039867
17.11.2017;197.949997;199.149994;197;197.050003;170.204056;1327016
20.11.2017;195;197.350006;194.949997;196.5;169.728989;1019787
21.11.2017;196.100006;200.100006;195.899994;199.350006;172.190704;1207353
22.11.2017;199.600006;200.399994;197;197.350006;170.463181;1018206
23.11.2017;195.600006;197.199997;195.449997;196.100006;169.383499;1053048
24.11.2017;195.649994;199.600006;195.550003;197.949997;170.981445;951529
27.11.2017;197.5;199.300003;196.300003;196.600006;169.815384;919289
28.11.2017;196.800003;197.600006;196.25;197.449997;170.549545;884874
29.11.2017;198.899994;200.949997;198.899994;200.100006;172.838531;1226066
30.11.2017;200.100006;201.5;198.149994;198.149994;171.154205;2389183
01.12.2017;198.850006;199.100006;194.350006;195.75;169.081161;1727194
04.12.2017;199.149994;200.550003;198.100006;199.5;172.320282;1185978
05.12.2017;198.75;200.149994;197.699997;198.699997;171.629257;998348
06.12.2017;196.399994;199.449997;195.850006;199;171.888382;893925
07.12.2017;199.550003;199.800003;198;198.399994;171.370132;796113
08.12.2017;199.800003;200.600006;198.399994;199.149994;172.017944;1246000
11.12.2017;199.699997;200;197.550003;197.550003;170.635941;856204
12.12.2017;198.050003;198.399994;196.75;197.25;170.376801;939779
13.12.2017;196.899994;197.699997;196.100006;196.350006;169.599442;1088750
14.12.2017;195.899994;197.800003;195;195.75;169.081161;1579928
15.12.2017;195.199997;197.5;194.449997;197.149994;170.290421;3042717
18.12.2017;198.399994;201.149994;198.399994;201;173.615921;1255490
19.12.2017;200.899994;201.25;198.949997;198.949997;171.8452;796320
20.12.2017;199.300003;199.850006;195.199997;195.350006;168.735672;1146377
21.12.2017;195.5;196.25;194.449997;196.25;169.513062;981202
22.12.2017;195.449997;196.5;194.699997;195.25;168.649292;737506
27.12.2017;194.899994;196.199997;193.850006;194.100006;167.655975;624558
28.12.2017;194.25;194.699997;192.949997;193.25;166.921768;742997
29.12.2017;193.399994;193.399994;189.300003;191.5;165.410187;982319
02.01.2018;193.100006;193.360001;190.5;192.699997;166.446701;1479063
03.01.2018;193.960007;194;191.580002;193;166.705826;1378661
04.01.2018;194.279999;196.720001;194.179993;195.5;168.865219;1551761
05.01.2018;196.199997;198.559998;195.839996;198.559998;171.508331;1319824
08.01.2018;199.660004;200;198.520004;198.860001;171.767471;975348
09.01.2018;198.940002;200.449997;198.639999;200.449997;173.140839;1150579
10.01.2018;200;201.449997;198.839996;200.600006;173.270416;1295873
11.01.2018;200.949997;201.350006;199.580002;200.800003;173.443161;1150834
12.01.2018;201.5;202.149994;200.25;202;174.479675;1231006
15.01.2018;202.149994;202.949997;201.350006;202.100006;174.566055;923834
16.01.2018;202.800003;203.899994;200.949997;202.050003;174.522873;1181565
17.01.2018;201.600006;203.350006;201.399994;202.449997;174.868347;1137284
18.01.2018;202.899994;203.850006;202.149994;203.399994;175.688934;1103234
19.01.2018;202.600006;205.75;202.600006;205.449997;177.459641;1567307
22.01.2018;205.25;205.850006;204.300003;205.25;177.286896;966496
23.01.2018;206.199997;206.75;204.949997;205.75;177.718781;1175755
24.01.2018;205.199997;206.850006;204.800003;204.800003;176.898209;1020137
25.01.2018;204.5;205.600006;202.5;203.899994;176.120804;1244464
26.01.2018;203.550003;204.149994;203.25;203.899994;176.120804;1035270
29.01.2018;204;204.75;203.300003;204.399994;176.552689;1004068
30.01.2018;203.050003;204.350006;203;203.75;175.991257;1372425
31.01.2018;203.850006;204.350006;203.199997;203.5;175.77533;1293110
01.02.2018;204.5;205.100006;200.449997;201.449997;174.004608;1668129
02.02.2018;200.5;201.350006;199.839996;200.350006;173.054474;1389137
05.02.2018;198.880005;199.399994;196.759995;198.240005;171.231949;1690182
06.02.2018;189;194.259995;181.899994;190.699997;164.719177;3611475
07.02.2018;192.800003;196.580002;190.779999;195.059998;168.485168;2393548
08.02.2018;194.059998;194.919998;187.639999;188.580002;162.888;2294569
09.02.2018;188.399994;189.399994;183.360001;185.160004;159.93396;2790253
12.02.2018;187.179993;189.979996;186.639999;187.779999;162.197006;1806592
13.02.2018;187.5;188.300003;186.460007;186.539993;161.125916;1344140
14.02.2018;188.059998;189.119995;184.600006;187.919998;162.317932;1891030
15.02.2018;190;191.5;188.380005;189.5;163.682663;1725578
16.02.2018;190.520004;191;187.199997;190.600006;164.632813;2394763
19.02.2018;192.440002;192.5;190;190.300003;164.373672;929731
20.02.2018;190.919998;192.520004;189.559998;192.520004;166.291229;1271524
21.02.2018;192.320007;192.940002;190.679993;192.339996;166.135727;1127723
22.02.2018;190.960007;192.740005;190.039993;192.419998;166.204849;1372123
23.02.2018;192;192.800003;190.479996;191.5;165.410187;1109088
26.02.2018;192.5;192.899994;191.619995;192.160004;165.98027;1081620
27.02.2018;192.580002;193.820007;192.220001;192.860001;166.5849;1166547
28.02.2018;193.259995;194.440002;191.779999;192.020004;165.859344;1381887
01.03.2018;191.399994;191.5;188.220001;188.800003;163.078033;2080489
02.03.2018;186.720001;187.080002;183.539993;183.800003;158.759232;2128112
05.03.2018;182.300003;188.580002;181.639999;187.720001;162.145157;2292621
06.03.2018;189.5;190.240005;186.699997;186.839996;161.385056;1283196
07.03.2018;187.979996;188.919998;185.660004;188.619995;162.922562;1289078
08.03.2018;188;190.419998;187.139999;189.899994;164.028168;1375151
09.03.2018;190.100006;190.759995;188.100006;190.020004;164.131836;1522860
12.03.2018;191.199997;191.979996;188.880005;189.899994;164.028168;1044103
13.03.2018;190.399994;190.479996;185.080002;185.800003;160.48674;1626998
14.03.2018;185.419998;186.660004;184.940002;185.100006;159.882126;1678288
15.03.2018;186.119995;188.979996;186.020004;188.580002;162.888;1554641
16.03.2018;189.899994;190.699997;188.899994;188.919998;163.181671;4299605
19.03.2018;189;189.759995;185.619995;185.779999;160.469482;1377264
20.03.2018;186.740005;189.619995;185.839996;189.199997;163.423538;1220094
21.03.2018;189.979996;190;187.380005;188.699997;162.991653;907373
22.03.2018;187;188.639999;183.600006;184.919998;159.726639;1624131
23.03.2018;183.699997;184.399994;179.119995;180.360001;155.787888;2317383
26.03.2018;181.059998;182.160004;176.100006;179.539993;155.07959;1719413
27.03.2018;182;183.399994;181.5;182.339996;157.498138;1610901
28.03.2018;180.919998;183.759995;179.619995;183.199997;158.240967;1584780
29.03.2018;182.880005;184.880005;182.020004;183.399994;158.413727;1686524
03.04.2018;182.740005;184.580002;180.979996;183.399994;158.413727;1481126
04.04.2018;183.300003;183.899994;179.259995;182.720001;157.82637;1757357
05.04.2018;185;187.979996;184.820007;187.399994;161.868759;1644635
06.04.2018;186.399994;187.160004;185.800003;186.660004;161.229584;1259614
09.04.2018;187.5;188.800003;186.740005;187.419998;161.886032;1130466
10.04.2018;188.600006;188.960007;187.5;188.479996;162.80162;1042694
11.04.2018;188.020004;188.740005;186.339996;186.419998;161.022278;1079876
12.04.2018;187.080002;188.960007;186.539993;188.639999;162.939835;1174624
13.04.2018;189.320007;191.160004;188.839996;189.419998;163.613556;1042591
16.04.2018;190.360001;190.559998;189.179993;189.479996;163.665405;807129
17.04.2018;190.199997;192.520004;189.759995;192.119995;165.945709;1319332
18.04.2018;192.399994;193;191.539993;192.119995;165.945709;1151195
19.04.2018;192.199997;192.699997;191.020004;192.660004;166.412155;976570
20.04.2018;192.759995;194.300003;192.399994;193.539993;167.172241;1628478
23.04.2018;193.839996;195.820007;192.880005;195.100006;168.51973;1248169
24.04.2018;195.5;196.320007;193.059998;194.860001;168.312424;1291967
25.04.2018;193.080002;193.600006;191.119995;193.279999;166.947693;1585920
26.04.2018;193;195.320007;192.179993;195.139999;168.554276;1604668
27.04.2018;195.880005;196.979996;193.440002;194.5;168.001465;1288258
30.04.2018;195.300003;196.940002;195.100006;196.460007;169.694443;1232442
02.05.2018;196.440002;199.259995;196.419998;199.139999;172.009308;1762744
03.05.2018;199;199.880005;197.320007;197.320007;170.437286;1475221
04.05.2018;198.279999;199.220001;197;199;171.888382;1317457
07.05.2018;199.600006;201.100006;198.660004;201;173.615921;1094649
08.05.2018;200.699997;201.399994;198.759995;200.300003;173.011292;1201539
09.05.2018;200.5;201;198.220001;198.539993;171.491058;2000610
10.05.2018;191.479996;193.479996;190.520004;192.039993;172.841095;1118352
11.05.2018;192.119995;193.160004;191.539993;191.539993;172.391083;1063506
14.05.2018;191.720001;192.479996;189.919998;190.440002;171.401077;993174
15.05.2018;190.520004;192.699997;189.220001;192.259995;173.039108;1122168
16.05.2018;191.179993;192.100006;189.119995;189.5;170.555038;1297628
17.05.2018;189.279999;191.800003;188.800003;191.800003;172.625092;1109603
18.05.2018;191.899994;192.820007;190.660004;191.5;172.355087;1755359
21.05.2018;191.5;191.5;191.5;191.5;172.355087;0
22.05.2018;192.259995;193.479996;190.979996;192.779999;173.507126;1089103
23.05.2018;192.199997;192.339996;187.300003;188.880005;169.997025;1517065
24.05.2018;188.300003;189.880005;186.160004;187.199997;168.48497;1079182
25.05.2018;188.199997;189;186.119995;187.539993;168.790985;1139030
28.05.2018;189.179993;189.759995;185.199997;185.940002;167.350952;834857
29.05.2018;184.660004;184.660004;178.559998;180.300003;162.274796;2400717
30.05.2018;180.300003;180.899994;178.160004;180.5;162.454788;1835447
31.05.2018;180.740005;180.979996;175.380005;176.380005;158.746704;2181089
01.06.2018;178;181.199997;177.360001;179.660004;161.698776;1335142
04.06.2018;181.119995;181.440002;179.580002;180.899994;162.814804;942263
05.06.2018;181.179993;183.039993;179.600006;179.600006;161.644775;1339099
06.06.2018;179.820007;180.100006;177.279999;178.720001;160.852753;1434657
07.06.2018;179.720001;180.639999;178.779999;179.360001;161.428772;1000193
08.06.2018;177.160004;179.160004;175.520004;178.580002;160.726746;1392173
11.06.2018;180.080002;181.440002;179.160004;180.979996;162.88681;1212549
12.06.2018;182.220001;182.5;180.139999;181.160004;163.048828;1051694
13.06.2018;181.559998;181.600006;179.440002;180.179993;162.166794;1046718
14.06.2018;179.139999;183.880005;178.880005;183.059998;164.758865;1826382
15.06.2018;183.660004;183.979996;179.740005;180.360001;162.328796;3846090
18.06.2018;179.440002;181.020004;177.339996;178.220001;160.40274;1042728
19.06.2018;176.039993;177.039993;174.600006;176.580002;158.926697;1530450
20.06.2018;177.100006;177.740005;175.440002;175.919998;158.332672;1097237
21.06.2018;176.160004;176.880005;173.279999;173.479996;156.136612;1300498
22.06.2018;174.919998;175.979996;174;175.720001;158.152664;1128577
25.06.2018;174.339996;175.220001;171.800003;171.800003;154.624573;1264478
26.06.2018;173.220001;173.699997;171.339996;172.039993;154.840576;1305404
27.06.2018;172.559998;174.520004;170.119995;173.199997;155.884598;1738849
28.06.2018;172.5;174.380005;171.639999;172.699997;155.434586;1247513
29.06.2018;176.600006;178.100006;175.600006;177.020004;159.322708;2245810
02.07.2018;174.899994;175.419998;172.600006;174.380005;156.94664;1344069
03.07.2018;177;180.399994;176.020004;180;162.004791;1952351
04.07.2018;180.300003;180.380005;178.820007;179.039993;161.140762;1015709
05.07.2018;179;181.619995;178.800003;180.080002;162.076797;1297200
06.07.2018;180.800003;180.800003;178.119995;179.619995;161.662766;1357455
09.07.2018;180.5;181.240005;179.839996;180.979996;162.88681;872982
10.07.2018;181.580002;182.279999;180.720001;181.800003;163.624847;929111
11.07.2018;180.380005;180.660004;178.720001;179.080002;161.176773;1214038
12.07.2018;179.399994;180.820007;178.5;179.179993;161.266769;885594
13.07.2018;179.800003;180.520004;179.399994;179.899994;161.91478;948002
16.07.2018;179.699997;180.660004;179.139999;180.080002;162.076797;951390
17.07.2018;180.199997;184.520004;180.119995;184.199997;165.784897;1373368
18.07.2018;184.940002;185.580002;183.619995;184.720001;166.252914;1063447
19.07.2018;184.600006;185.399994;183.059998;183.679993;165.316879;969720
20.07.2018;183.580002;183.619995;179.979996;181.300003;163.174835;1753077
23.07.2018;180.5;182.820007;180.139999;182.600006;164.344864;833301
24.07.2018;183.720001;185.419998;183.119995;184.580002;166.126907;1213035
25.07.2018;184.199997;184.880005;181.360001;181.899994;163.714828;1266049
26.07.2018;183.520004;185.660004;182.899994;184.800003;166.324905;1325464
27.07.2018;185.660004;187.399994;185.580002;186.800003;168.124969;1200410
30.07.2018;186.020004;188.460007;186.020004;188.080002;169.277008;838998
31.07.2018;187.820007;190.059998;187.800003;189.139999;170.231018;1519466
01.08.2018;189.600006;189.720001;186.979996;188.399994;169.565002;1225689
02.08.2018;187.440002;188;184.240005;185.639999;167.080933;1663055
03.08.2018;185.979996;188.559998;185.139999;187.399994;168.664978;1133477
06.08.2018;188.699997;189.839996;186.820007;188.100006;169.294998;1049792
07.08.2018;188.880005;189.600006;188.179993;188.580002;169.72702;1042882
08.08.2018;188.820007;189.940002;187.5;188.919998;170.03302;1151798
09.08.2018;188.5;190.440002;188.160004;189.639999;170.681046;908035
10.08.2018;188.399994;188.940002;184.899994;185.919998;167.332947;2028125
13.08.2018;185.800003;188.179993;185.660004;186.660004;167.998962;1115059
14.08.2018;187.220001;188.240005;183.940002;184.800003;166.324905;1275676
15.08.2018;185.559998;186.740005;183.820007;184;165.604889;1456911
16.08.2018;185.479996;187;184.580002;185.880005;167.296936;1028602
17.08.2018;186.320007;186.339996;183.339996;184.240005;165.820908;1086832
20.08.2018;184.199997;186.119995;183.979996;185.380005;166.846924;752709
21.08.2018;184.899994;186.520004;184.580002;185.539993;166.990921;768569
22.08.2018;185;186.679993;184.880005;185.919998;167.332947;919790
23.08.2018;185.660004;186.199997;184.619995;185.539993;166.990921;713770
24.08.2018;185.559998;187;185.419998;185.5;166.954941;887663
27.08.2018;186.899994;188.539993;185.860001;187.919998;169.132996;741548
28.08.2018;188.360001;188.460007;186.479996;187.360001;168.628983;905735
29.08.2018;188.279999;188.660004;187.460007;187.839996;169.060989;909883
30.08.2018;187.399994;187.600006;185.199997;185.660004;167.098938;1120799
31.08.2018;185.399994;185.440002;183.440002;183.639999;165.280884;1322771
03.09.2018;183.179993;184.699997;183.119995;184.380005;165.946915;700572
04.09.2018;184.940002;185.080002;180.960007;182.100006;163.894852;1142800
05.09.2018;181.800003;182.300003;180.199997;180.839996;162.760803;1603863
06.09.2018;180.339996;182.639999;180.020004;180.539993;162.490799;1097602
07.09.2018;181.179993;182.240005;180.520004;181.520004;163.372833;1164392
10.09.2018;181.339996;183.339996;181.119995;182.339996;164.110855;1048286
11.09.2018;182.5;182.839996;180.880005;182.839996;164.560867;1040224
12.09.2018;183.479996;185.199997;183.220001;185;166.504929;1289220
13.09.2018;185.160004;186.539993;184.440002;184.860001;166.378922;1209733
14.09.2018;185.339996;186.119995;184.960007;185.899994;167.314941;832661
17.09.2018;185.399994;186.899994;185.139999;186.300003;167.674957;852443
18.09.2018;186.479996;187.839996;186.100006;186.699997;168.034958;965986
19.09.2018;187.199997;188.639999;186.820007;188.199997;169.384995;924848
20.09.2018;187.580002;190.779999;187.580002;190.199997;171.185059;1534593
21.09.2018;190.800003;192.880005;190.600006;192.779999;173.507126;3987588
24.09.2018;191.259995;193.080002;191.199997;192.179993;172.967102;817742
25.09.2018;192.419998;195.580002;191.899994;194.740005;175.271179;1090618
26.09.2018;195.059998;196.399994;194.5;195.860001;176.279221;1098748
27.09.2018;194.960007;197.5;193.860001;197.5;177.755249;988896
28.09.2018;196.5;196.5;190.080002;192;172.805099;1896508
01.10.2018;192.979996;194.119995;192.020004;193.440002;174.101151;1001417
02.10.2018;192.059998;192.979996;190.199997;192.460007;173.219131;982295
04.10.2018;192.399994;196.699997;192.339996;194.580002;175.127182;1605403
05.10.2018;195.100006;195.100006;192.660004;193.039993;173.741119;1326239
08.10.2018;192;192.720001;189.800003;189.820007;170.843048;1004067
09.10.2018;190.119995;192.380005;188.800003;190.960007;171.86908;1117451
10.10.2018;190.899994;193.440002;188.179993;188.660004;169.799026;1467646
11.10.2018;185;185.979996;182.279999;182.279999;164.056839;2466047
12.10.2018;184.179993;184.259995;180.360001;181.220001;163.102829;1542624
15.10.2018;180.5;183;180.220001;182.059998;163.858841;981375
16.10.2018;182.660004;183.759995;180.380005;182.880005;164.596878;1292057
17.10.2018;184.699997;185.5;183.339996;184.339996;165.910889;1277606
18.10.2018;184.720001;186.160004;183.860001;184.179993;165.766891;1095645
19.10.2018;184.899994;185.800003;182.860001;185.199997;166.684921;1573941
22.10.2018;186.940002;187.460007;183.960007;183.979996;165.586884;957255
23.10.2018;182.720001;183.360001;179.740005;181.419998;163.282822;1642042
24.10.2018;182;185.899994;181.339996;182.279999;164.056839;1667823
25.10.2018;181.100006;183.839996;180.460007;183.139999;164.830872;1450657
26.10.2018;182.279999;182.300003;176.419998;179.259995;161.33876;2063091
29.10.2018;179.720001;182.899994;179;181.179993;163.066803;1302193
30.10.2018;181.979996;183.300003;180.380005;181.979996;163.786835;1203931
31.10.2018;184.119995;185.759995;183.820007;184.440002;166.0009;1646613
01.11.2018;184;186.279999;183.380005;184.240005;165.820908;1142060
02.11.2018;186.199997;186.740005;184.259995;184.919998;166.432922;1306371
05.11.2018;184;185.580002;183.860001;184.660004;166.198914;818860
06.11.2018;185;185.160004;183.059998;183.979996;165.586884;735221
07.11.2018;185.279999;186.240005;184.639999;185.199997;166.684921;952999
08.11.2018;185.940002;187.779999;185.639999;187.020004;168.322968;1259764
09.11.2018;188.979996;192.139999;187.039993;192;172.805099;2168274
12.11.2018;193.279999;194.080002;190.820007;191;171.905075;1372351
13.11.2018;192;194.660004;190.940002;194.119995;174.71315;1405133
14.11.2018;192.619995;192.740005;189.479996;190.800003;171.725082;1354859
15.11.2018;191.199997;192.759995;187.320007;189.360001;170.429031;1446421
16.11.2018;190.020004;191.740005;186.800003;189.240005;170.32103;1695031
19.11.2018;190.600006;191.399994;188.380005;188.660004;169.799026;938928
20.11.2018;187.520004;188.059998;183.740005;184.960007;166.468933;1492390
21.11.2018;186.679993;186.679993;184.759995;185.860001;167.278946;1024268
22.11.2018;185.399994;186;183.139999;183.460007;165.118881;765907
23.11.2018;183.460007;184.979996;183.080002;184.399994;165.96489;735080
26.11.2018;187.080002;190.800003;187.080002;189.520004;170.573044;1283239
27.11.2018;189.979996;190.919998;188.899994;189.800003;170.825058;879373
28.11.2018;190.5;190.800003;188.539993;189.320007;170.393036;892829
29.11.2018;190.119995;190.440002;188.259995;189.160004;170.249039;998925
30.11.2018;188.5;188.759995;186.259995;186.5;167.854965;2368515
03.12.2018;190.699997;191.039993;189;189.619995;170.66304;1261642
04.12.2018;189.020004;189.619995;188.179993;188.380005;169.547012;917373
05.12.2018;186;186.240005;183.059998;184.300003;165.874893;1288772
06.12.2018;182.119995;182.600006;174.080002;176.020004;158.422684;2446251
07.12.2018;177.580002;178.740005;175.380005;175.380005;157.84668;1297765
10.12.2018;174.100006;175.880005;173.160004;173.779999;156.406616;1549571
11.12.2018;174.600006;175.759995;172.679993;173.979996;156.586624;1335680
12.12.2018;176.600006;177.660004;175.759995;176.399994;158.764679;1444377
13.12.2018;177.800003;177.899994;175.279999;176.199997;158.584686;1104600
14.12.2018;174.600006;177.039993;173.220001;176.839996;159.16069;1158300
17.12.2018;176.979996;178.059998;174.779999;175.279999;157.756668;1118937
18.12.2018;175.259995;176.679993;174.639999;174.759995;157.288635;1044298
19.12.2018;175.600006;177.199997;174.679993;175.940002;158.350677;1326802
20.12.2018;173.199997;175.820007;172.860001;174.960007;157.468658;1599316
21.12.2018;174.600006;175.220001;173.699997;175.020004;157.522659;3334380
27.12.2018;174.679993;174.779999;170.460007;172.160004;154.948578;1214929
28.12.2018;172.800003;175.919998;172.479996;175.139999;157.630661;792046
02.01.2019;175.5;175.559998;171.960007;175;157.504654;1035404
03.01.2019;173.320007;175.220001;172.539993;173.160004;155.848618;883973
04.01.2019;174.899994;178.020004;172.960007;177.360001;159.628723;1234989
07.01.2019;178.240005;178.240005;174.600006;175.919998;158.332672;914854
08.01.2019;176.240005;178.179993;175.440002;176.100006;158.49469;989326
09.01.2019;177.259995;177.639999;175.199997;177.139999;159.43071;999616
10.01.2019;176.179993;178.660004;175.800003;178.520004;160.672745;739543
11.01.2019;179.619995;180.899994;177.699997;178.960007;161.068756;862149
14.01.2019;178.399994;179.940002;177.139999;179.220001;161.302765;708839
15.01.2019;180.300003;181.399994;178.119995;179.240005;161.32077;979146
16.01.2019;179.880005;181.259995;179.139999;180.399994;162.364792;963501
17.01.2019;179.339996;180.820007;179.039993;180.240005;162.220795;940118
18.01.2019;181.800003;184.619995;181.479996;184;165.604889;1762600
21.01.2019;184.279999;184.600006;183.559998;184.399994;165.96489;689775
22.01.2019;183.039993;184.039993;182.300003;183.320007;164.992874;792104
23.01.2019;182.880005;185.080002;182.300003;183.279999;164.956879;941514
24.01.2019;183.080002;185.339996;182.559998;185;166.504929;914326
25.01.2019;186;187.119995;185.520004;185.919998;167.332947;979817
28.01.2019;185;185.880005;183.820007;184.440002;166.0009;870396
29.01.2019;184.080002;186.699997;183.699997;185.639999;167.080933;927340
30.01.2019;185.639999;185.960007;184.179993;185.5;166.954941;847015
31.01.2019;186;187.220001;182.339996;184.919998;166.432922;1488262
01.02.2019;185.279999;186.179993;183.740005;186.160004;167.54895;1074880
04.02.2019;186.160004;186.419998;184.339996;185.860001;167.278946;838158
05.02.2019;185.800003;188.080002;184.820007;187.600006;168.844986;1020973
06.02.2019;187.020004;187.960007;186.520004;187.119995;168.412979;726872
07.02.2019;186.5;187.860001;184.520004;184.520004;166.072906;1155626
08.02.2019;184.399994;185;181.919998;182.720001;164.45285;1214100
11.02.2019;183.699997;185.580002;183.160004;184.039993;165.640884;787331
12.02.2019;185.979996;186.139999;184.779999;185.279999;166.756927;820021
13.02.2019;186.220001;186.339996;184.860001;185.660004;167.098938;838344
14.02.2019;187;187.100006;183.259995;184.199997;165.784897;1185541
15.02.2019;184.940002;191.039993;182.259995;190.139999;171.131058;2094131
18.02.2019;190.440002;190.460007;188.580002;189.520004;170.573044;850778
19.02.2019;188.759995;191.039993;188.660004;191.039993;171.941071;869275
20.02.2019;191.399994;192.820007;190.779999;192;172.805099;986278
21.02.2019;192.5;194.580002;192.119995;193.199997;173.885132;1203355
22.02.2019;192.699997;194.839996;192.699997;194.059998;174.659149;1091790
25.02.2019;195;195.5;193.419998;194.139999;174.731171;1234192
26.02.2019;193.039993;195.240005;193;195.240005;175.721191;1001450
27.02.2019;194.940002;195.020004;193.279999;194.479996;175.03717;950526
28.02.2019;193.600006;195.600006;193.460007;195.600006;176.045197;1502347
01.03.2019;196.199997;198.020004;195.919998;197.339996;177.611252;1294397
04.03.2019;198.5;198.660004;197.639999;197.699997;177.935257;936589
05.03.2019;196.979996;198.580002;196.399994;198.139999;178.331268;1174943
06.03.2019;197.800003;199.600006;197.600006;198.460007;178.619278;1003197
07.03.2019;198;198.960007;195.839996;197.259995;177.539246;1389685
08.03.2019;195.979996;196.720001;194.520004;195.880005;176.297211;1136780
11.03.2019;196.460007;197.179993;196.320007;196.800003;177.125244;829429
12.03.2019;198.160004;198.259995;195.839996;196.660004;176.999237;1088734
13.03.2019;196.559998;198.779999;196.559998;198.440002;178.601288;994105
14.03.2019;198.800003;199.860001;198.460007;199.399994;179.465286;1135886
15.03.2019;200;202.199997;199.339996;200.899994;180.815338;3077103
18.03.2019;199.020004;201.75;198.759995;200.199997;180.185333;1120315
19.03.2019;200.350006;201.699997;200;200.199997;180.185333;880220
20.03.2019;200.550003;200.800003;198.919998;198.919998;179.033295;1034069
21.03.2019;198.5;198.699997;195.699997;197.300003;177.575256;1257036
22.03.2019;197.919998;198.639999;195.800003;196.339996;176.711212;1461781
25.03.2019;195.020004;196.880005;194.699997;196.199997;176.58522;903803
26.03.2019;196.820007;198.259995;195.800003;197.580002;177.827255;951406
27.03.2019;197.220001;199.339996;196.580002;198;178.205261;1071574
28.03.2019;197.699997;199.020004;196.979996;197.440002;177.701263;845995
29.03.2019;198.100006;199.160004;197.460007;198.279999;178.457275;1253194
01.04.2019;200;201;199.279999;199.940002;179.951309;1056008
02.04.2019;199.800003;201.949997;199.779999;201.550003;181.40036;950273
03.04.2019;202.850006;205.600006;202.399994;205.600006;185.045471;1358741
04.04.2019;205.350006;206.600006;204.5;206.600006;185.945496;982965
05.04.2019;206.850006;207.25;206.149994;206.600006;185.945496;849957
08.04.2019;206;206.949997;205.399994;205.399994;184.865463;989792
09.04.2019;205.300003;207.300003;205.25;205.649994;185.090469;994191
10.04.2019;206.300003;207.399994;205.550003;206.5;185.855484;974775
11.04.2019;207.100006;208.649994;206.399994;207.949997;187.160522;934926
12.04.2019;208.449997;209;207.25;208.300003;187.47554;855880
15.04.2019;208.800003;209.850006;208.5;209.800003;188.825577;805647
16.04.2019;209.899994;212;209.300003;212;190.805649;1237475
17.04.2019;212.5;214.199997;211.850006;213.899994;192.515671;1403953
18.04.2019;212.699997;214.850006;212.449997;214.850006;193.370712;1559157
23.04.2019;214.75;214.949997;213.600006;214.300003;192.875702;1012307
24.04.2019;213.5;213.75;210.899994;211.949997;190.760635;1268736
25.04.2019;211.899994;213.649994;211.449997;213.300003;191.975677;1089403
26.04.2019;213.800003;213.850006;212;213.850006;192.470703;907421
29.04.2019;214.300003;214.600006;213.100006;213.899994;192.515671;769354
30.04.2019;213.949997;214.800003;213.5;214.800003;193.325714;1073859
02.05.2019;214.600006;216.199997;214.050003;214.800003;193.325714;1106951
03.05.2019;214.350006;215.5;213.600006;215.050003;193.55072;927620
06.05.2019;212.300003;212.800003;209.5;212.449997;191.210648;1448475
07.05.2019;212.850006;213.300003;208.699997;210.100006;189.095596;1503047
08.05.2019;209.5;210.050003;207.350006;209;188.10556;1869804
09.05.2019;199.800003;200.800003;197.880005;198.820007;186.995743;1831039
10.05.2019;200.550003;201.199997;198.440002;198.839996;187.014542;1148254
13.05.2019;198.139999;198.940002;195.800003;196.839996;185.133484;1222145
14.05.2019;198.5;200.399994;196.979996;200.399994;188.481766;1305409
15.05.2019;199.800003;201.649994;198.820007;201.649994;189.657425;1308310
16.05.2019;201.25;206.649994;200.550003;206.649994;194.360062;1442912
17.05.2019;205;205.899994;203;204.350006;192.196854;1660832
20.05.2019;204;205;201.100006;201.699997;189.704453;1044800
21.05.2019;202.600006;204.850006;201.800003;204.449997;192.290909;1035672
22.05.2019;204.5;204.800003;201.449997;202.899994;190.833084;735680
23.05.2019;201;202.949997;199.559998;199.800003;187.91745;1201855
24.05.2019;201;202.800003;200.800003;202;189.986618;797251
27.05.2019;202.600006;203.800003;202.199997;202.800003;190.739044;404156
28.05.2019;203.600006;203.649994;200.850006;201.649994;189.657425;1071560
29.05.2019;199.699997;200.300003;198.759995;199.080002;187.24028;1027132
30.05.2019;200.050003;201.800003;199.740005;201.350006;189.375275;493061
31.05.2019;199.119995;199.720001;197.759995;198.860001;187.033356;1183269
03.06.2019;197.100006;199.380005;196.339996;199.160004;187.315521;1057670
04.06.2019;198.199997;203.550003;197.919998;203.399994;191.303345;1164056
05.06.2019;202;203.25;201.449997;202.300003;190.268784;946091
06.06.2019;202.399994;204.350006;201.850006;202.149994;190.127686;955153
07.06.2019;202.100006;204.699997;202.100006;204.300003;192.149826;1012695
11.06.2019;205;207.300003;204.800003;206.5;194.218994;1074519
12.06.2019;205.399994;206.75;205.100006;206.25;193.983856;724313
13.06.2019;206;208.050003;205.850006;207.600006;195.253571;864671
14.06.2019;207.199997;207.399994;205.149994;207.399994;195.06546;829978
17.06.2019;207.399994;208.899994;207.300003;208.149994;195.770859;684916
18.06.2019;208.550003;211.949997;207.25;211.050003;198.498398;1664757
19.06.2019;210.949997;211.699997;210.5;211.699997;199.109726;980379
20.06.2019;212.199997;213.300003;211.550003;211.850006;199.250824;904502
21.06.2019;212.350006;213.350006;211.75;212.699997;200.050262;2816105
24.06.2019;212.699997;213.100006;212.050003;212.899994;200.238358;910991
25.06.2019;211.850006;212.5;211.100006;212;199.391891;726942
26.06.2019;211.300003;213.600006;211.300003;212.600006;199.956223;692246
27.06.2019;212.600006;212.949997;209.649994;210.649994;198.122177;911351
28.06.2019;210.5;212;209.5;212;199.391891;1129548
01.07.2019;213.399994;215;212.699997;214.199997;201.461044;1142629
02.07.2019;214.399994;216.449997;214.100006;216;203.154007;810782
03.07.2019;216.100006;217.300003;215.75;216.800003;203.906433;698095
04.07.2019;217;217.800003;216.850006;217.199997;204.282639;458458
05.07.2019;217;218.100006;216.149994;217.149994;204.235611;748042
08.07.2019;216;218.050003;215.899994;218.050003;205.082092;678033
09.07.2019;218;218.550003;216.550003;218.149994;205.176132;928230
10.07.2019;218.25;218.449997;216.399994;216.5;203.624268;779182
11.07.2019;217.449997;218;215.300003;216.5;203.624268;823446
12.07.2019;216.5;217.300003;215.449997;216.149994;203.295074;705249
15.07.2019;216.350006;217.899994;215.850006;217.550003;204.611832;784958
16.07.2019;217.100006;219.050003;217;217.550003;204.611832;998180
17.07.2019;218.050003;218.800003;216.850006;217;204.094528;880421
18.07.2019;215.75;216.649994;215.199997;215.449997;202.636703;902128
19.07.2019;216.149994;217.100006;214.550003;215.699997;202.871841;1009194
22.07.2019;215.699997;215.949997;213.899994;214.5;201.74321;703445
23.07.2019;215.800003;217.149994;214.949997;216.100006;203.248062;759997
24.07.2019;216.100006;216.25;214.75;215.100006;202.307541;706076
25.07.2019;215.5;216.550003;211.699997;212.199997;199.580002;1415733
26.07.2019;212.199997;213;211.550003;212.149994;199.532959;765147
29.07.2019;211.800003;213.75;211.600006;212.949997;200.285385;518526
30.07.2019;213.350006;213.350006;208.399994;209;196.570313;1278666
31.07.2019;209.25;210.550003;208.300003;210.399994;197.887039;801938
01.08.2019;209.75;212.199997;209.449997;211.850006;199.250824;782809
02.08.2019;208;208;201.800003;204.350006;192.196854;2061367
05.08.2019;203.949997;205.550003;201.699997;201.850006;189.845535;1642368
06.08.2019;202.399994;203.149994;200.25;200.399994;188.481766;1106195
07.08.2019;202.25;202.75;197.899994;199.160004;187.315521;1379441
08.08.2019;201.5;202.100006;200.100006;201.949997;189.93959;1053979
09.08.2019;201.199997;201.800003;198.279999;198.960007;187.127411;1188641
12.08.2019;200.100006;201.699997;199.600006;200.25;188.340698;650754
13.08.2019;199.960007;202.5;197.580002;201.300003;189.328247;1222083
14.08.2019;200.899994;202;195.660004;197.179993;185.453262;1379736
15.08.2019;196.979996;197.860001;193.639999;196.839996;185.133484;1254798
16.08.2019;196.5;199.759995;196.240005;198.639999;186.826447;1184611
19.08.2019;199.880005;202.100006;199.639999;201.149994;189.187164;765320
20.08.2019;200.75;202.149994;199.880005;200.449997;188.528793;781695
21.08.2019;201;203.600006;200.75;202.149994;190.127686;685945
22.08.2019;202.199997;202.600006;199.440002;200.949997;188.999054;1074533
23.08.2019;201.850006;201.899994;197.639999;197.639999;185.88591;1185554
26.08.2019;197.559998;199.860001;197.360001;199.160004;187.315521;678322
27.08.2019;198.660004;199.820007;197.759995;198.759995;186.939301;916948
28.08.2019;198.160004;198.380005;194.399994;196.820007;185.114685;1042686
29.08.2019;196.399994;199.460007;195.699997;199.220001;187.371948;946809
30.08.2019;200;201.300003;198.860001;200.5;188.575821;972494
02.09.2019;200.100006;202.399994;200.100006;201.550003;189.563385;487907
03.09.2019;201.5;201.5;199.339996;199.720001;187.842209;798662
04.09.2019;202.050003;203.149994;200.550003;201;189.046082;748559
05.09.2019;202.449997;203.350006;201.850006;203.050003;190.974167;903738
06.09.2019;203.699997;204.699997;203.149994;204.300003;192.149826;740246
09.09.2019;204.649994;206.649994;204.149994;206.649994;194.360062;769699
10.09.2019;206.5;208.25;206;207.600006;195.253571;934064
11.09.2019;208.550003;210.5;208;208.699997;196.288147;801894
12.09.2019;209.699997;210.850006;208.25;210.149994;197.651917;1145992
13.09.2019;211;212.550003;210.449997;212;199.391891;923631
16.09.2019;210.5;211.050003;209.350006;210.300003;197.792999;765946
17.09.2019;210;210.350006;208.850006;209.699997;197.228683;914264
18.09.2019;210.199997;211.300003;209.899994;210.100006;197.604889;797085
19.09.2019;210.149994;211.899994;209.300003;211.800003;199.203796;725340
20.09.2019;211.800003;212.850006;211.300003;211.949997;199.344864;2534148
23.09.2019;212;212.149994;209.100006;211.25;198.686493;938623
24.09.2019;211.199997;211.949997;209.699997;209.949997;197.463806;592168
25.09.2019;209.399994;210.149994;207.350006;208.800003;196.382202;725105
26.09.2019;208.300003;211.300003;208.25;210.850006;198.310287;783729
27.09.2019;211.25;211.850006;210.100006;211.850006;199.250824;640049
30.09.2019;212;213.850006;211.800003;213.850006;201.131882;899982
01.10.2019;214.550003;214.850006;212;212.050003;199.438919;875836
02.10.2019;211.850006;211.850006;206.850006;206.850006;194.548187;1248834
04.10.2019;208;208;205.350006;206.25;193.983856;1128797
07.10.2019;206.600006;207.699997;205.75;207.699997;195.347626;855942
08.10.2019;208.199997;208.300003;204.800003;205.399994;193.184402;921815
09.10.2019;205.550003;208.25;205.25;206.100006;193.842789;744154
10.10.2019;205.800003;207.850006;205.199997;207.149994;194.830322;1036788
11.10.2019;207.5;213.100006;206.899994;213.100006;200.426483;1478128
14.10.2019;212.25;212.300003;210.050003;210.699997;198.169205;678082
15.10.2019;212.649994;214.600006;210.949997;214;201.272949;1144645
16.10.2019;214.5;214.850006;212.050003;213.649994;200.943756;900451
17.10.2019;213.800003;217.149994;213.800003;215.350006;202.542664;1310794
18.10.2019;215;218.149994;214.399994;218.100006;205.12912;1571605
21.10.2019;218.300003;220.5;218;219.300003;206.257751;941545
22.10.2019;220.149994;221.050003;219.300003;220.600006;207.480438;740246
23.10.2019;220.149994;221.649994;219.600006;221.350006;208.185837;691350
24.10.2019;222;223.699997;221.699997;222.899994;209.643646;833976
25.10.2019;223.449997;223.449997;220.5;221.550003;208.373932;793388
28.10.2019;222;222.850006;220.949997;222.100006;208.891235;717076
29.10.2019;222.050003;222.5;221.399994;221.899994;208.70311;596981
30.10.2019;221.399994;221.699997;219.350006;220.699997;207.574478;641463
31.10.2019;220.899994;221;218.100006;219;205.975586;1111870
01.11.2019;220.050003;220.300003;218.649994;219.649994;206.586929;664755
04.11.2019;220.550003;222.699997;220.100006;222.050003;208.844208;810662
05.11.2019;222.300003;222.5;221;221.600006;208.420959;933862
06.11.2019;222.050003;224.399994;221.399994;223.800003;210.490128;888261
07.11.2019;224.699997;225.899994;224.100006;225.100006;211.712814;1156431
08.11.2019;222;222;218.800003;219;205.975586;1763040
11.11.2019;219.050003;220.600006;217.850006;220.100006;207.010178;895834
12.11.2019;219.199997;220.699997;218.350006;218.899994;205.881531;905301
13.11.2019;218.050003;218.699997;215.600006;218;205.035065;975131
14.11.2019;217.699997;218.350006;216.699997;217.25;204.329666;766762
15.11.2019;219;219;217.25;218.850006;205.834518;1074068
18.11.2019;218.75;219.5;216.800003;218.050003;205.082092;660335
19.11.2019;219;220.75;218.050003;218.699997;205.69342;828955
20.11.2019;218;218.199997;215.899994;217.850006;204.893982;833092
21.11.2019;217.149994;218.199997;216.75;217.600006;204.658859;850239
22.11.2019;217.699997;219.649994;217.600006;218.5;205.505325;881548
25.11.2019;219.850006;219.899994;217.850006;218.649994;205.646393;987327
26.11.2019;218.600006;218.800003;216.899994;217.199997;204.282639;1102093
27.11.2019;217.649994;218.850006;217.199997;218.350006;205.364243;697354
28.11.2019;217.800003;218.800003;217.5;218.800003;205.787491;552714
29.11.2019;217.800003;218.350006;217.149994;217.350006;204.423721;967977
02.12.2019;217.649994;219;212.800003;213.550003;200.849716;1326519
03.12.2019;214.5;216.399994;212.199997;213.300003;200.614578;1031342
04.12.2019;212.699997;216.25;212.5;216;203.154007;944369
05.12.2019;216.649994;216.899994;214.199997;214.199997;201.461044;729710
06.12.2019;214.649994;217.550003;214.300003;217.100006;204.188583;834351
09.12.2019;217.25;217.5;216;216;203.154007;667092
10.12.2019;215.600006;215.75;212.149994;215.550003;202.730774;1047454
11.12.2019;215.350006;217.199997;215;216.100006;203.248062;770789
12.12.2019;216.800003;219.149994;216.149994;218.25;205.270187;1074529
13.12.2019;220.800003;222.050003;218.75;219.699997;206.633957;1515854
16.12.2019;220.850006;221.600006;220.350006;221.199997;208.044739;829922
17.12.2019;220.899994;223.100006;220.75;222.600006;209.361496;1387047
18.12.2019;222.300003;222.75;221.100006;221.100006;207.950699;1031686
19.12.2019;220.800003;221;218.050003;218.949997;205.928558;1319860
20.12.2019;218.899994;220.850006;218.699997;220.75;207.621506;3144001
23.12.2019;220.300003;220.850006;219.75;220.600006;207.480438;741986
27.12.2019;220.800003;221.550003;219.800003;220.600006;207.480438;583074
30.12.2019;220.550003;220.75;218.399994;218.399994;205.41127;432548
02.01.2020;218.600006;222.300003;218.399994;221.5;208.326904;846800
03.01.2020;220.100006;220.399994;217.649994;219.050003;206.022614;997575
06.01.2020;217.149994;217.800003;215.199997;217.699997;204.752899;842331
07.01.2020;218.5;220.149994;217.850006;218.199997;205.22316;905810
08.01.2020;217.199997;219.199997;215.850006;218.300003;205.317215;1006392
09.01.2020;220.149994;221.350006;219.850006;220.699997;207.574478;998027
10.01.2020;221.5;221.949997;220.25;220.25;207.151245;762695
13.01.2020;221.25;221.449997;219.25;219.649994;206.586929;698396
14.01.2020;219.699997;219.800003;217.949997;218.850006;205.834518;827509
15.01.2020;218.649994;219;216.149994;217.199997;204.282639;1105804
16.01.2020;217.800003;218.649994;216.600006;217.350006;204.423721;816269
17.01.2020;217.850006;219.649994;217.449997;219.649994;206.586929;1250857
20.01.2020;219.449997;221.75;219.149994;221.699997;208.515015;645822
21.01.2020;220.899994;221.600006;220.100006;220.550003;207.433411;724648
22.01.2020;221.25;221.899994;218.75;219.100006;206.069641;895113
23.01.2020;219.199997;220.100006;218.199997;218.550003;205.552353;959441
24.01.2020;220;221.600006;219.649994;220.949997;207.809616;895800
27.01.2020;219;219.449997;214.949997;215.25;202.448608;1312953
28.01.2020;216.600006;219.550003;216.100006;219.550003;206.492874;1017906
29.01.2020;220;221.25;219.050003;220.850006;207.715576;788630
30.01.2020;218.800003;219.25;217.600006;218.449997;205.458298;928148
31.01.2020;219.449997;219.5;215.300003;215.850006;203.012924;1335135
03.02.2020;216.5;218;215.649994;217.100006;204.188583;902821
04.02.2020;217.75;220.149994;217.5;219.850006;206.77504;945155
05.02.2020;219.149994;224.550003;219.100006;224.550003;211.195526;1345632
06.02.2020;226.100006;227.550003;225.800003;227.300003;213.781967;1238639
07.02.2020;226.75;227.699997;226.149994;227.699997;214.158173;937523
10.02.2020;227;228;226.550003;228;214.440338;792426
11.02.2020;229.100006;229.949997;228.050003;229;215.380859;1202295
12.02.2020;229.949997;230.699997;229.25;230.550003;216.838684;828429
13.02.2020;229.300003;230.25;226.850006;230.25;216.556519;1183437
14.02.2020;230.899994;231.800003;230.25;231.25;217.497055;792677
17.02.2020;231.899994;232.550003;231.550003;232;218.202454;586228
18.02.2020;230.699997;232.399994;230.550003;231.899994;218.108383;783338
19.02.2020;232.100006;232.350006;230.399994;231.649994;217.87326;758064
20.02.2020;232;232;228;228;214.440338;998151
21.02.2020;226.850006;232.600006;225.5;230.699997;216.979767;1966079
24.02.2020;227.850006;227.899994;222;222.75;209.502563;2538258
25.02.2020;225.449997;225.800003;215;215;202.21347;2111402
26.02.2020;213.75;215.800003;207.850006;214.649994;201.884293;2879635
27.02.2020;210.449997;211;202.699997;204.449997;192.290909;2925199
28.02.2020;195.880005;199;191.639999;194.800003;183.214813;5347670
02.03.2020;198.479996;199.460007;190.139999;193.860001;182.330719;3311519
03.03.2020;198.720001;201.149994;195.100006;196.580002;184.888962;3195668
04.03.2020;197.619995;200.300003;195.020004;198.600006;186.788834;2107711
05.03.2020;200.5;200.800003;193.059998;195;183.402924;2210553
06.03.2020;190.5;192.199997;186.979996;188.899994;177.665695;3008117
09.03.2020;179.699997;179.979996;171.080002;171.699997;161.488617;5356717
10.03.2020;174.940002;183.880005;172.020004;173.300003;162.993469;4561228
11.03.2020;176.020004;179.419998;171.020004;173.020004;162.730118;3358666
12.03.2020;164;165.259995;146.100006;146.5;137.787323;6416267
13.03.2020;152;159.600006;143.419998;146.919998;138.182343;4971425
16.03.2020;139.320007;140;124.440002;132.419998;124.544685;5702464
17.03.2020;138.580002;139;123.660004;129.919998;122.193367;3760697
18.03.2020;125;128.580002;118.839996;119;111.922806;3811950
19.03.2020;119.239998;124.739998;117.099998;122.099998;114.83844;3487230
20.03.2020;130.660004;141.759995;130.279999;134.740005;126.726723;6522618
23.03.2020;128.839996;139.779999;126.059998;131.740005;123.905136;4078514
24.03.2020;141.800003;152.559998;138.820007;152.559998;143.486923;4074319
25.03.2020;159.800003;163.740005;149.899994;156.960007;147.625244;3528154
26.03.2020;152;158.020004;150.199997;157.960007;148.565781;2644423
27.03.2020;152.600006;155.520004;151;153.820007;144.671997;2642276
30.03.2020;153.100006;154.300003;147.080002;152.839996;143.750259;2820516
31.03.2020;154.899994;159.300003;153.479996;156.880005;147.550003;3131523
01.04.2020;151.020004;155.119995;149.539993;153.639999;144.502686;2724012
02.04.2020;154.880005;156.440002;149.820007;151.460007;142.452347;2658528
03.04.2020;149.619995;151.119995;146.960007;149.320007;140.439621;2543360
06.04.2020;156.020004;158.360001;154.979996;158.360001;148.941986;2455667
07.04.2020;165;166.800003;159.360001;162.639999;152.967438;2730972
08.04.2020;161.360001;162.360001;159.039993;160.979996;151.406158;1928841
09.04.2020;164;166.899994;160.919998;164.880005;155.074234;2554929
14.04.2020;168.720001;170.100006;166.199997;167.699997;157.726501;1841919
15.04.2020;168.399994;169;160.339996;161.360001;151.763565;2714119
16.04.2020;163.119995;164.199997;158.619995;158.800003;149.35582;2618525
17.04.2020;163.960007;165.039993;161.880005;163.899994;154.152496;2634445
20.04.2020;165.300003;168.179993;163.160004;165.800003;155.939514;2043227
21.04.2020;164;165.259995;160.679993;161.300003;151.707138;2573255
22.04.2020;163;164.339996;160.279999;161.059998;151.4814;2208329
23.04.2020;161.5;162.580002;158.740005;159.300003;149.82608;2162281
24.04.2020;157;159.139999;155.139999;155.759995;146.496597;2655787
27.04.2020;159.759995;161.119995;158.660004;160.300003;150.766602;1936743
28.04.2020;159.800003;168.979996;159.740005;167.759995;157.782944;2487556
29.04.2020;168.080002;174.600006;167.800003;174.160004;163.802322;1991299
30.04.2020;176.199997;177.399994;168.880005;168.880005;158.836334;2934742
04.05.2020;165;165.619995;162.160004;162.759995;153.080292;2866082
05.05.2020;165.399994;166.600006;162.320007;163.360001;153.644623;2796207
06.05.2020;164.800003;167.839996;161.419998;161.419998;151.819992;2674952
07.05.2020;154.479996;158.320007;153.5;157;157;2644052
08.05.2020;159.020004;159.520004;156.619995;157.679993;157.679993;1521836
11.05.2020;159;159.240005;154.639999;156.320007;156.320007;1601051
12.05.2020;153.699997;153.979996;151.300003;151.300003;151.300003;2760292
13.05.2020;150;150.220001;146.639999;147.380005;147.380005;2414995
14.05.2020;145.800003;146.339996;139.779999;142.940002;142.940002;3006463
15.05.2020;144.880005;146.839996;143.100006;146.839996;146.839996;2639932
18.05.2020;150.039993;153.860001;148.679993;153.860001;153.860001;2214312
19.05.2020;157.039993;157.380005;154.820007;157.080002;157.080002;2797592
20.05.2020;156.320007;157.740005;153.639999;156.759995;156.759995;1726686
21.05.2020;155.5;155.880005;153.759995;154.979996;154.979996;1180009
22.05.2020;152.139999;157.580002;151.059998;155.5;155.5;1442390
25.05.2020;157.399994;159.339996;155.660004;159.339996;159.339996;1075775
26.05.2020;160.720001;164.179993;160.539993;163.320007;163.320007;1875035
27.05.2020;164.240005;170.619995;163.5;168.899994;168.899994;2894817
28.05.2020;170.5;171.139999;165.619995;166.720001;166.720001;1974111
29.05.2020;164.300003;165.479996;162.679993;162.820007;162.820007;2282423
02.06.2020;167.699997;172;166.559998;172;172;2555526
03.06.2020;174.339996;186.639999;173.639999;186.639999;186.639999;3837622
04.06.2020;183.619995;187.080002;181.339996;185.720001;185.720001;2641130
05.06.2020;188.5;194.759995;188.199997;193.199997;193.199997;3625831
08.06.2020;190.559998;193.940002;189.020004;191.740005;191.740005;2668720
09.06.2020;191.279999;191.860001;182.919998;187.419998;187.419998;2304921
10.06.2020;188.160004;190.600006;184.380005;185.539993;185.539993;1540004
11.06.2020;179.979996;183.080002;177.880005;178.220001;178.220001;2111302
12.06.2020;175.899994;182.059998;173.5;178.080002;178.080002;1983918
15.06.2020;172.860001;178.039993;171.720001;176.919998;176.919998;1779565
16.06.2020;181.979996;185.080002;178.100006;182.440002;182.440002;1949470
17.06.2020;182.179993;185.059998;180.899994;182.779999;182.779999;1503791
18.06.2020;182.360001;183.940002;179.080002;181.199997;181.199997;1783099
19.06.2020;182.240005;183.320007;180.539993;181.399994;181.399994;3255660
22.06.2020;179.820007;182.300003;177.960007;179.479996;179.479996;1265568
23.06.2020;180.639999;183.919998;179.479996;183.399994;183.399994;1473964
24.06.2020;182.880005;183.5;178.020004;178.020004;178.020004;1320763
25.06.2020;177.639999;182.259995;175.559998;180.759995;180.759995;1399748
26.06.2020;182.960007;183.339996;177.179993;178;178;1419633
29.06.2020;177.820007;181.860001;176.839996;180.220001;180.220001;1389751
30.06.2020;178.940002;182.199997;178.199997;181.759995;181.759995;1314184
01.07.2020;180.199997;181.580002;177.679993;180.100006;180.100006;1163840
02.07.2020;181.460007;187.440002;180.720001;186.100006;186.100006;1705767
03.07.2020;186.339996;186.479996;182.940002;184.139999;184.139999;906123
06.07.2020;187.360001;189.860001;186.339996;186.759995;186.759995;980928
07.07.2020;186;186.979996;183.940002;184.520004;184.520004;822020
08.07.2020;183.300003;184.259995;180.860001;182.979996;182.979996;1111275
09.07.2020;182.979996;183.860001;180.020004;180.559998;180.559998;941649
10.07.2020;179.699997;183.100006;178.740005;182.679993;182.679993;1243613
13.07.2020;185.600006;185.800003;182.860001;185.139999;185.139999;777246
14.07.2020;182.699997;186.679993;181.699997;186.679993;186.679993;1340158
15.07.2020;187.5;188.639999;185.479996;187.259995;187.259995;1279687
16.07.2020;185.979996;188.220001;185.5;187.360001;187.360001;965457
17.07.2020;187.360001;187.619995;184.899994;185.520004;185.520004;1283582
